{"S1": {"cost": {"ACE_CPR": 0.14572669516550504, "ACE_ORCA": 0.015400926470988011, "ACE_POL": 0.015443272116293717, "ACE_LID": 0.139652992428989, "CLAR_ERB": 0.006224204904629465, "DESD_SAR": 0.4014822625076364, "DESD_LID": 0.07572476879677272, "GACM_SWIR": 0.02155103669650877, "GACM_VIS": 0.014556769942204556, "HYSP_TIR": 0.017928747907685966, "CNES_KaRIN": 0.12770211814619045, "POSTEPS_IRS": 0.009474117295543668}, "programmatic_risk": {"ACE_CPR": 0.0009495737528449396, "ACE_ORCA": 0.04923219732424383, "ACE_POL": -0.009074836552074918, "ACE_LID": 0.14950009546771548, "CLAR_ERB": 0.03807144397015923, "DESD_SAR": 0.17116231300476423, "DESD_LID": 0.004765600574865931, "GACM_SWIR": 0.15994978320797995, "GACM_VIS": 0.0017452841804980518, "HYSP_TIR": 0.0422923236434296, "CNES_KaRIN": 0.02885995466672219, "POSTEPS_IRS": 0.023970152716284235}, "fairness": {"ACE_CPR": -0.004712422765480491, "ACE_ORCA": 0.2166775727425023, "ACE_POL": -0.0034784349105361845, "ACE_LID": 0.021168321411662444, "CLAR_ERB": 0.005842701790085722, "DESD_SAR": 0.001368157566247092, "DESD_LID": 0.010254112412551902, "GACM_SWIR": -0.013909036810486875, "GACM_VIS": 0.019955949961869435, "HYSP_TIR": -0.01180724514473976, "CNES_KaRIN": 0.0014749311990554655, "POSTEPS_IRS": -0.001304653478647942}, "data_continuity": {"ACE_CPR": 0.011027705828469176, "ACE_ORCA": -0.002590104286384902, "ACE_POL": 0.020785939243264415, "ACE_LID": 0.043516146381251744, "CLAR_ERB": 0.2870511948487697, "DESD_SAR": 0.05266611975538695, "DESD_LID": 0.04225111356549399, "GACM_SWIR": 0.010801178609172254, "GACM_VIS": 0.010654242483020097, "HYSP_TIR": 0.17842634986313174, "CNES_KaRIN": 0.016816457791595164, "POSTEPS_IRS": 0.010874076629761}, "Oceanic": {"ACE_CPR": -0.00014936211275892928, "ACE_ORCA": 0.39391395014158614, "ACE_POL": 0.002097851519251633, "ACE_LID": 0.013585318221010466, "CLAR_ERB": 0.052217580755154924, "DESD_SAR": 0.01067171112716476, "DESD_LID": 0.004133245529054634, "GACM_SWIR": 0.034489126305417714, "GACM_VIS": 0.010862976472720371, "HYSP_TIR": 0.0041137607141756094, "CNES_KaRIN": 0.00019985965431464978, "POSTEPS_IRS": 0.0031547257895552555}, "Atmosphere": {"ACE_CPR": 0.006993560080488949, "ACE_ORCA": -0.0030110873405547905, "ACE_POL": 0.016566922353090017, "ACE_LID": 0.016182037657680046, "CLAR_ERB": 0.18287000899960057, "DESD_SAR": 0.07788432722027804, "DESD_LID": 0.003896013985595346, "GACM_SWIR": 0.04783356800615495, "GACM_VIS": 0.21889875329742262, "HYSP_TIR": 0.09552731753702733, "CNES_KaRIN": 0.00582690590833191, "POSTEPS_IRS": 0.0005926653535568784}, "Terrestrial": {"ACE_CPR": 0.015995906825922678, "ACE_ORCA": 0.004828095114469156, "ACE_POL": 0.02957575452014306, "ACE_LID": 0.010038868675030644, "CLAR_ERB": 0.3885399953147012, "DESD_SAR": 0.023330928622939215, "DESD_LID": 0.10911500038665227, "GACM_SWIR": 0.027304631328923034, "GACM_VIS": 0.0002814268134450923, "HYSP_TIR": 0.09629507674943251, "CNES_KaRIN": 0.0330291846452743, "POSTEPS_IRS": 0.004052413860750952}}, "ST": {"cost": {"ACE_CPR": 0.24259818617280832, "ACE_ORCA": 0.07061368158259876, "ACE_POL": 0.10685742505793243, "ACE_LID": 0.24594444161862644, "CLAR_ERB": 0.10847718366566392, "DESD_SAR": 0.5487922897923357, "DESD_LID": 0.17133343363650788, "GACM_SWIR": 0.10352782617979285, "GACM_VIS": 0.10319108549917176, "HYSP_TIR": 0.10200803162579011, "CNES_KaRIN": 0.22546074205927333, "POSTEPS_IRS": 0.10471863240556015}, "programmatic_risk": {"ACE_CPR": 0.024215329729631856, "ACE_ORCA": 0.2218702644944758, "ACE_POL": 0.026596112754500564, "ACE_LID": 0.208217428929613, "CLAR_ERB": 0.20912367336297452, "DESD_SAR": 0.21310844553945568, "DESD_LID": 0.02424096712927399, "GACM_SWIR": 0.20212976978615707, "GACM_VIS": 0.026868261808411908, "HYSP_TIR": 0.22330006425652452, "CNES_KaRIN": 0.21651871142543747, "POSTEPS_IRS": 0.21779396153811825}, "fairness": {"ACE_CPR": 0.050885112475535475, "ACE_ORCA": 0.7973517614800184, "ACE_POL": 0.0574669242089787, "ACE_LID": 0.054079560438562, "CLAR_ERB": 0.35023562642888156, "DESD_SAR": 0.2077412226232822, "DESD_LID": 0.0767877007822927, "GACM_SWIR": 0.2612182786457632, "GACM_VIS": 0.20890574553007754, "HYSP_TIR": 0.2224580432695431, "CNES_KaRIN": 0.03574041096483265, "POSTEPS_IRS": 0.007987900884775514}, "data_continuity": {"ACE_CPR": 0.048423409668742694, "ACE_ORCA": 0.015166613074888967, "ACE_POL": 0.09410228616225126, "ACE_LID": 0.12485694360575976, "CLAR_ERB": 0.46361317996697743, "DESD_SAR": 0.17105998531656585, "DESD_LID": 0.1551148785720187, "GACM_SWIR": 0.10053436562451702, "GACM_VIS": 0.048713361672556875, "HYSP_TIR": 0.28835768974553044, "CNES_KaRIN": 0.04176089764455503, "POSTEPS_IRS": 0.011249800926953027}, "Oceanic": {"ACE_CPR": 0.03425502300091266, "ACE_ORCA": 0.7114829724774534, "ACE_POL": 0.011615498828083402, "ACE_LID": 0.017575100207504843, "CLAR_ERB": 0.3112128062113819, "DESD_SAR": 0.14061367930812452, "DESD_LID": 0.03708916089747933, "GACM_SWIR": 0.09863602249508696, "GACM_VIS": 0.03917411219393007, "HYSP_TIR": 0.13166362995004757, "CNES_KaRIN": 0.009820991763151519, "POSTEPS_IRS": 0.004306690855858517}, "Atmosphere": {"ACE_CPR": 0.0436487420467061, "ACE_ORCA": 0.03697102216466533, "ACE_POL": 0.039538821139702675, "ACE_LID": 0.03139364377204487, "CLAR_ERB": 0.37518395950248723, "DESD_SAR": 0.21739937708823184, "DESD_LID": 0.007573955374638822, "GACM_SWIR": 0.09415582312089879, "GACM_VIS": 0.35082322892432866, "HYSP_TIR": 0.2451680652039311, "CNES_KaRIN": 0.012322019364397958, "POSTEPS_IRS": 0.005974781029473984}, "Terrestrial": {"ACE_CPR": 0.044352278506854005, "ACE_ORCA": 0.01553586520577849, "ACE_POL": 0.06350018315012575, "ACE_LID": 0.012919830679275207, "CLAR_ERB": 0.5779607294600198, "DESD_SAR": 0.13833955453990646, "DESD_LID": 0.20478587494932346, "GACM_SWIR": 0.13167600670492896, "GACM_VIS": 5.831179021603633e-05, "HYSP_TIR": 0.15953672035577848, "CNES_KaRIN": 0.053180633955446095, "POSTEPS_IRS": 0.0057883658694911164}}}