{"S1": {"cost": {"GEO-36000-equat-NA": -0.02322257488184678, "LEO-275-polar-NA": 0.03225186750754673, "LEO-400-polar-NA": -0.02394608944577177, "LEO-600-polar-NA": 0.0689192522070585, "LEO-800-polar-NA": -0.0652327739073653, "SSO-400-SSO-DD": -0.06270998486999677, "SSO-400-SSO-AM": -0.019239303645620466, "SSO-400-SSO-noon": 0.0056001159705489035, "SSO-400-SSO-PM": -0.019876998458433513, "SSO-600-SSO-DD": 0.026966642474258395, "SSO-600-SSO-AM": 0.01799434180108859, "SSO-600-SSO-noon": 0.01727680228188314, "SSO-600-SSO-PM": -0.008555028735619847, "SSO-800-SSO-DD": 0.015826169627028368, "SSO-800-SSO-AM": 0.0332428284980898, "SSO-800-SSO-noon": 0.050984710575731146, "SSO-800-SSO-PM": 0.02523035167594309, "LEO-275-equat-NA": 0.041838186765921444, "SSO-1000-SSO-AM": 0.10368315527572038, "LEO-600-equat-NA": 0.08108155993615813}, "programmatic_risk": {"GEO-36000-equat-NA": 0.029430127069654137, "LEO-275-polar-NA": -0.03755294905063289, "LEO-400-polar-NA": 0.029815220069728185, "LEO-600-polar-NA": 0.05588413386637795, "LEO-800-polar-NA": 0.042132922628164766, "SSO-400-SSO-DD": 0.009539178244035754, "SSO-400-SSO-AM": -0.023918086865160275, "SSO-400-SSO-noon": 0.029074074409505286, "SSO-400-SSO-PM": -0.09889768891169398, "SSO-600-SSO-DD": 0.0027528552933288822, "SSO-600-SSO-AM": 0.0689158596911466, "SSO-600-SSO-noon": 0.038081514934683425, "SSO-600-SSO-PM": -0.029413391296161145, "SSO-800-SSO-DD": 0.05509832647516489, "SSO-800-SSO-AM": 0.0318899621769985, "SSO-800-SSO-noon": 0.04174193501101271, "SSO-800-SSO-PM": -0.010423098362224305, "LEO-275-equat-NA": 0.08544518173449515, "SSO-1000-SSO-AM": 0.07362063394871492, "LEO-600-equat-NA": 0.0014857759296659828}, "fairness": {"GEO-36000-equat-NA": -0.05337145813095769, "LEO-275-polar-NA": -0.0359600388473006, "LEO-400-polar-NA": -0.021288069318229744, "LEO-600-polar-NA": -0.020659386380306566, "LEO-800-polar-NA": -0.11607455396407187, "SSO-400-SSO-DD": -0.0018560459001308739, "SSO-400-SSO-AM": -0.0668564646811775, "SSO-400-SSO-noon": -0.0024151485367773793, "SSO-400-SSO-PM": -0.04296715388374062, "SSO-600-SSO-DD": -0.0822684539065495, "SSO-600-SSO-AM": -0.013188400022078077, "SSO-600-SSO-noon": -0.11075178603678869, "SSO-600-SSO-PM": -0.036584306969043606, "SSO-800-SSO-DD": -0.06526475928784643, "SSO-800-SSO-AM": -0.05321419934292818, "SSO-800-SSO-noon": -0.023666460792533723, "SSO-800-SSO-PM": -0.09111792354935938, "LEO-275-equat-NA": -0.025012636275265444, "SSO-1000-SSO-AM": 0.037264571663535466, "LEO-600-equat-NA": -0.005334431183517712}, "data_continuity": {"GEO-36000-equat-NA": 0.005676583420976797, "LEO-275-polar-NA": 0.01483935749680689, "LEO-400-polar-NA": -0.038944294127651644, "LEO-600-polar-NA": 0.028904445763830007, "LEO-800-polar-NA": 0.04437356973272014, "SSO-400-SSO-DD": -0.010088595638709862, "SSO-400-SSO-AM": -0.05760269166116152, "SSO-400-SSO-noon": 0.0017615274462110002, "SSO-400-SSO-PM": -0.0110404221920581, "SSO-600-SSO-DD": 0.02400679671802594, "SSO-600-SSO-AM": 0.004718931684175221, "SSO-600-SSO-noon": 0.012299951418001751, "SSO-600-SSO-PM": 0.03478658466919348, "SSO-800-SSO-DD": -0.0736881587251331, "SSO-800-SSO-AM": 0.02609687640820811, "SSO-800-SSO-noon": 0.022999553381685425, "SSO-800-SSO-PM": 0.026314996635793966, "LEO-275-equat-NA": 0.016468900450011897, "SSO-1000-SSO-AM": 0.027905903464042613, "LEO-600-equat-NA": 0.03604282308330697}, "Oceanic": {"GEO-36000-equat-NA": 0.034765944742036446, "LEO-275-polar-NA": 0.04531117079739241, "LEO-400-polar-NA": 0.025762845115841395, "LEO-600-polar-NA": -0.08820665668014972, "LEO-800-polar-NA": -0.017678115626357266, "SSO-400-SSO-DD": 0.0106489276572104, "SSO-400-SSO-AM": 0.06881808489115596, "SSO-400-SSO-noon": -0.007130103664779741, "SSO-400-SSO-PM": 0.025145210851983898, "SSO-600-SSO-DD": 0.03679507478842304, "SSO-600-SSO-AM": -0.01738709917325299, "SSO-600-SSO-noon": 0.006573240721009759, "SSO-600-SSO-PM": 0.10969455842685827, "SSO-800-SSO-DD": 0.09699736331405068, "SSO-800-SSO-AM": 0.04402882687512928, "SSO-800-SSO-noon": 0.07442599176223065, "SSO-800-SSO-PM": 0.055562809848704035, "LEO-275-equat-NA": 0.09060856379140968, "SSO-1000-SSO-AM": 0.18903161704780505, "LEO-600-equat-NA": 0.09636026805892757}, "Atmosphere": {"GEO-36000-equat-NA": -0.03291737619711008, "LEO-275-polar-NA": 0.03535651047810783, "LEO-400-polar-NA": -0.04971350250532637, "LEO-600-polar-NA": -0.021194206193441357, "LEO-800-polar-NA": -0.0511173199441712, "SSO-400-SSO-DD": -0.0538562261029273, "SSO-400-SSO-AM": -0.07121550094738176, "SSO-400-SSO-noon": -0.06771674060673617, "SSO-400-SSO-PM": -0.11590020629994344, "SSO-600-SSO-DD": 0.006071177602146449, "SSO-600-SSO-AM": -0.10039435689264399, "SSO-600-SSO-noon": -0.09459398745637657, "SSO-600-SSO-PM": -0.01110136677498293, "SSO-800-SSO-DD": -0.01583843267206546, "SSO-800-SSO-AM": 0.051295336858336926, "SSO-800-SSO-noon": -0.08577086093129586, "SSO-800-SSO-PM": 0.02348701516959352, "LEO-275-equat-NA": -0.01024138866964319, "SSO-1000-SSO-AM": 0.03222850984238975, "LEO-600-equat-NA": -0.045989093561343675}, "Terrestrial": {"GEO-36000-equat-NA": -0.020226566088006808, "LEO-275-polar-NA": 0.02748809612657913, "LEO-400-polar-NA": 0.02209884431543289, "LEO-600-polar-NA": 0.05386055774946636, "LEO-800-polar-NA": 0.08770749693185405, "SSO-400-SSO-DD": 0.021963066466868894, "SSO-400-SSO-AM": -0.009055383857155085, "SSO-400-SSO-noon": 0.005130444277593198, "SSO-400-SSO-PM": 0.0055347640237819766, "SSO-600-SSO-DD": -0.01347849481542421, "SSO-600-SSO-AM": -0.0016283775099486717, "SSO-600-SSO-noon": -0.09643881494139259, "SSO-600-SSO-PM": -0.025963884150972484, "SSO-800-SSO-DD": -0.044911475979275896, "SSO-800-SSO-AM": -0.03544576967356644, "SSO-800-SSO-noon": -0.010583143663788616, "SSO-800-SSO-PM": -0.07099420024718311, "LEO-275-equat-NA": 0.08226465795593436, "SSO-1000-SSO-AM": 0.05655823795174599, "LEO-600-equat-NA": 0.02271942367876789}}, "ST": {"cost": {"GEO-36000-equat-NA": 0.9090169699393417, "LEO-275-polar-NA": 0.9271077474294611, "LEO-400-polar-NA": 0.8811224751984041, "LEO-600-polar-NA": 0.9065751212173273, "LEO-800-polar-NA": 1.0540294240736559, "SSO-400-SSO-DD": 1.0524881373153405, "SSO-400-SSO-AM": 0.9237841808386962, "SSO-400-SSO-noon": 0.969738159858292, "SSO-400-SSO-PM": 1.1177259311301937, "SSO-600-SSO-DD": 0.9960914752743272, "SSO-600-SSO-AM": 0.952027688940272, "SSO-600-SSO-noon": 0.9231070579102341, "SSO-600-SSO-PM": 0.9245299828113154, "SSO-800-SSO-DD": 0.9129303400094675, "SSO-800-SSO-AM": 0.9723964013730546, "SSO-800-SSO-noon": 1.0000693626562132, "SSO-800-SSO-PM": 1.0195534375262365, "LEO-275-equat-NA": 0.9833357739484507, "SSO-1000-SSO-AM": 1.0464642161650084, "LEO-600-equat-NA": 1.0297427301487891}, "programmatic_risk": {"GEO-36000-equat-NA": 0.8586293896265549, "LEO-275-polar-NA": 0.9405625722476563, "LEO-400-polar-NA": 0.8417757411967285, "LEO-600-polar-NA": 0.954901705985656, "LEO-800-polar-NA": 1.1136148966471062, "SSO-400-SSO-DD": 0.9025007532431439, "SSO-400-SSO-AM": 0.9390451553761731, "SSO-400-SSO-noon": 0.9015430522969475, "SSO-400-SSO-PM": 1.0270429509814523, "SSO-600-SSO-DD": 0.9157163933366703, "SSO-600-SSO-AM": 0.9050999820994186, "SSO-600-SSO-noon": 0.9967523712887251, "SSO-600-SSO-PM": 1.0166613540759257, "SSO-800-SSO-DD": 0.9385364534839673, "SSO-800-SSO-AM": 0.8742654987190396, "SSO-800-SSO-noon": 1.045433144069297, "SSO-800-SSO-PM": 1.0242996435265301, "LEO-275-equat-NA": 0.9670940676252454, "SSO-1000-SSO-AM": 1.036535239938941, "LEO-600-equat-NA": 0.9061368750715816}, "fairness": {"GEO-36000-equat-NA": 0.9753543145735781, "LEO-275-polar-NA": 1.026277937588137, "LEO-400-polar-NA": 0.9513765291560445, "LEO-600-polar-NA": 1.0366293697874212, "LEO-800-polar-NA": 1.0966233756809547, "SSO-400-SSO-DD": 1.0808546420141543, "SSO-400-SSO-AM": 0.9162179479705403, "SSO-400-SSO-noon": 0.9864057622099844, "SSO-400-SSO-PM": 1.0574319929969296, "SSO-600-SSO-DD": 1.0515827866513172, "SSO-600-SSO-AM": 1.090812632960261, "SSO-600-SSO-noon": 1.0845435843137905, "SSO-600-SSO-PM": 0.9293784273050214,