{"S1": {"cost": {"ACE_CPR": 0.14614993313479333, "ACE_ORCA": 0.004416516869568032, "ACE_POL": -0.01184189424286932, "ACE_LID": 0.11704353191276931, "CLAR_ERB": -0.015726336516786184, "DESD_SAR": 0.38376768645194836, "DESD_LID": 0.05267996861346915, "GACM_SWIR": 0.0025520242273857625, "GACM_VIS": -0.0009659581184421511, "HYSP_TIR": 0.007156971000483569, "CNES_KaRIN": 0.11748632964705694, "POSTEPS_IRS": -0.001032055213431129}, "programmatic_risk": {"ACE_CPR": 0.00664277530257974, "ACE_ORCA": 0.03779147885710302, "ACE_POL": 0.004195187640773177, "ACE_LID": 0.1563730264319382, "CLAR_ERB": 0.031193889839616164, "DESD_SAR": 0.021653844797329885, "DESD_LID": 0.016293374100241675, "GACM_SWIR": 0.1692847011652822, "GACM_VIS": 0.0009969196692133232, "HYSP_TIR": 0.025969613644793485, "CNES_KaRIN": -0.0015503984531697816, "POSTEPS_IRS": 0.03117215868032993}, "fairness": {"ACE_CPR": -0.007742302011761394, "ACE_ORCA": 0.15324346246322282, "ACE_POL": 0.006007271319694465, "ACE_LID": 0.0025923886210317587, "CLAR_ERB": 0.047987262572664384, "DESD_SAR": 0.06541729578265221, "DESD_LID": 0.004169579355154922, "GACM_SWIR": 0.06852095252722326, "GACM_VIS": 0.0396829166633745, "HYSP_TIR": 0.15159854757208352, "CNES_KaRIN": 0.025384340868059733, "POSTEPS_IRS": -0.0015412849029563898}, "data_continuity": {"ACE_CPR": 0.011027705828469176, "ACE_ORCA": -0.002590104286384902, "ACE_POL": 0.020785939243264415, "ACE_LID": 0.043516146381251744, "CLAR_ERB": 0.2870511948487697, "DESD_SAR": 0.05266611975538695, "DESD_LID": 0.04225111356549399, "GACM_SWIR": 0.010801178609172254, "GACM_VIS": 0.010654242483020097, "HYSP_TIR": 0.17842634986313174, "CNES_KaRIN": 0.016816457791595164, "POSTEPS_IRS": 0.010874076629761}, "Oceanic": {"ACE_CPR": -0.0014656467786722414, "ACE_ORCA": 0.3958632267321383, "ACE_POL": 0.0017912828189251605, "ACE_LID": 0.013600297761821775, "CLAR_ERB": 0.05044081425736804, "DESD_SAR": 0.010597474863889516, "DESD_LID": 0.004088359502820596, "GACM_SWIR": 0.03143803422596242, "GACM_VIS": 0.009472183763857873, "HYSP_TIR": 0.013080080276190736, "CNES_KaRIN": 0.0003387018054952277, "POSTEPS_IRS": 0.0029762467729454226}, "Atmosphere": {"ACE_CPR": 0.005359658158647058, "ACE_ORCA": -0.004259702271200501, "ACE_POL": 0.012180394105206608, "ACE_LID": 0.009455964166782817, "CLAR_ERB": 0.26830383331150165, "DESD_SAR": 0.05976422657452685, "DESD_LID": 0.0029766934375581393, "GACM_SWIR": 0.07082041153896142, "GACM_VIS": 0.20909306683367548, "HYSP_TIR": 0.07898807418043742, "CNES_KaRIN": 0.0034881944517416445, "POSTEPS_IRS": -0.00043496230222208313}, "Terrestrial": {"ACE_CPR": 0.012879218967542325, "ACE_ORCA": 0.0027864694518801936, "ACE_POL": 0.0011579967618795483, "ACE_LID": 0.008787828286047714, "CLAR_ERB": 0.3242270230088146, "DESD_SAR": 0.08353061221420285, "DESD_LID": 0.0035998399175123093, "GACM_SWIR": 0.01936519163689576, "GACM_VIS": -0.000111377752276022, "HYSP_TIR": 0.23968622257500022, "CNES_KaRIN": 0.03536529124220801, "POSTEPS_IRS": -0.0003669301870372991}}, "ST": {"cost": {"ACE_CPR": 0.2227736645754183, "ACE_ORCA": 0.051608786920252635, "ACE_POL": 0.08577719913789886, "ACE_LID": 0.24308545722015848, "CLAR_ERB": 0.10135979251896766, "DESD_SAR": 0.5267655047398183, "DESD_LID": 0.14461071021335797, "GACM_SWIR": 0.07658606002237686, "GACM_VIS": 0.062198529938442076, "HYSP_TIR": 0.07454414139574192, "CNES_KaRIN": 0.20050562189217067, "POSTEPS_IRS": 0.09072126099757083}, "programmatic_risk": {"ACE_CPR": 0.025518141501957265, "ACE_ORCA": 0.04904966526802661, "ACE_POL": 0.023324053051859577, "ACE_LID": 0.6330471310012672, "CLAR_ERB": 0.04887508071273869, "DESD_SAR": 0.04802183257129816, "DESD_LID": 0.024432333133465295, "GACM_SWIR": 0.6490678613578679, "GACM_VIS": 0.022659569753761107, "HYSP_TIR": 0.045392633442686015, "CNES_KaRIN": 0.025584712746462526, "POSTEPS_IRS": 0.050947898550897444}, "fairness": {"ACE_CPR": 0.020550460248864075, "ACE_ORCA": 0.346223956540502, "ACE_POL": 0.026403368769765886, "ACE_LID": 0.027258186248144745, "CLAR_ERB": 0.2940339272520856, "DESD_SAR": 0.30037903755275464, "DESD_LID": 0.02723189336392547, "GACM_SWIR": 0.14051188503489564, "GACM_VIS": 0.11384619008078435, "HYSP_TIR": 0.4801430090313969, "CNES_KaRIN": 0.07473601132701023, "POSTEPS_IRS": 0.0031284323729508074}, "data_continuity": {"ACE_CPR": 0.048423409668742694, "ACE_ORCA": 0.015166613074888967, "ACE_POL": 0.09410228616225126, "ACE_LID": 0.12485694360575976, "CLAR_ERB": 0.46361317996697743, "DESD_SAR": 0.17105998531656585, "DESD_LID": 0.1551148785720187, "GACM_SWIR": 0.10053436562451702, "GACM_VIS": 0.048713361672556875, "HYSP_TIR": 0.28835768974553044, "CNES_KaRIN": 0.04176089764455503, "POSTEPS_IRS": 0.011249800926953027}, "Oceanic": {"ACE_CPR": 0.031909439073693154, "ACE_ORCA": 0.7123019513360116, "ACE_POL": 0.011808946391718252, "ACE_LID": 0.01752866711468526, "CLAR_ERB": 0.3078308051150514, "DESD_SAR": 0.13737151728411234, "DESD_LID": 0.03627703401739196, "GACM_SWIR": 0.09258323306121888, "GACM_VIS": 0.03830812714756287, "HYSP_TIR": 0.13751555982357572, "CNES_KaRIN": 0.00714027466609591, "POSTEPS_IRS": 0.004043326637332551}, "Atmosphere": {"ACE_CPR": 0.038980565845926574, "ACE_ORCA": 0.02643581194358538, "ACE_POL": 0.02802800333251768, "ACE_LID": 0.021653665916734115, "CLAR_ERB": 0.44963649152775637, "DESD_SAR": 0.18361483405492207, "DESD_LID": 0.005389419962529358, "GACM_SWIR": 0.10191732664320159, "GACM_VIS": 0.32156274870114904, "HYSP_TIR": 0.20401403459239018, "CNES_KaRIN": 0.010595237988644016, "POSTEPS_IRS": 0.005480399808752163}, "Terrestrial": {"ACE_CPR": 0.0268656469085389, "ACE_ORCA": 0.009914948509747064, "ACE_POL": 0.011412980787878087, "ACE_LID": 0.008580160087234516, "CLAR_ERB": 0.4487068232613132, "DESD_SAR": 0.2873510931073787, "DESD_LID": 0.008703617103505572, "GACM_SWIR": 0.08134329803925182, "GACM_VIS": 4.013803666320969e-05, "HYSP_TIR": 0.5003680977036856, "CNES_KaRIN": 0.09889558854672399, "POSTEPS_IRS": 0.003517367281032617}}}