{"S1": {"cost": {"GEO-36000-equat-NA": 0.061603032991657, "LEO-275-polar-NA": -0.0012726789754868393, "LEO-400-polar-NA": -0.005549476686558129, "LEO-600-polar-NA": -0.006059543059054628, "LEO-800-polar-NA": -0.010944568206594063, "SSO-400-SSO-DD": 0.03333100369536098, "SSO-400-SSO-AM": 0.0007634707978553328, "SSO-400-SSO-noon": 0.006317502883310853, "SSO-400-SSO-PM": 0.050833733803098906, "SSO-600-SSO-DD": -0.005979319519336912, "SSO-600-SSO-AM": 0.0008503814883977179, "SSO-600-SSO-noon": 0.03220541432749233, "SSO-600-SSO-PM": -0.011092486709862714, "SSO-800-SSO-DD": -0.007548851243515194, "SSO-800-SSO-AM": 0.048548340119793386, "SSO-800-SSO-noon": 0.00695112288851693, "SSO-800-SSO-PM": -0.013557287650478684, "LEO-275-equat-NA": -0.016661957930627472, "SSO-1000-SSO-AM": -0.006142157108370745, "LEO-600-equat-NA": -0.006943026761951077}, "programmatic_risk": {"GEO-36000-equat-NA": 0.04240887761145278, "LEO-275-polar-NA": 0.044026984142993386, "LEO-400-polar-NA": 0.0421693015807047, "LEO-600-polar-NA": 0.05189197476266209, "LEO-800-polar-NA": 0.05953909108057139, "SSO-400-SSO-DD": 0.061687374994809974, "SSO-400-SSO-AM": 0.058880580520563434, "SSO-400-SSO-noon": 0.04067341303962847, "SSO-400-SSO-PM": 0.05302873963022786, "SSO-600-SSO-DD": 0.05560188200476857, "SSO-600-SSO-AM": 0.041164583703447576, "SSO-600-SSO-noon": 0.0658152941620224, "SSO-600-SSO-PM": 0.03964781721571643, "SSO-800-SSO-DD": 0.04852244356301156, "SSO-800-SSO-AM": 0.020306808964268425, "SSO-800-SSO-noon": 0.05338050767527743, "SSO-800-SSO-PM": 0.052340828345071956, "LEO-275-equat-NA": 0.06973565637327837, "SSO-1000-SSO-AM": 0.04376702686583709, "LEO-600-equat-NA": 0.05115255821155691}, "fairness": {"GEO-36000-equat-NA": 0.0001400662321517373, "LEO-275-polar-NA": 0.10014712205320808, "LEO-400-polar-NA": 0.10338260922938114, "LEO-600-polar-NA": 0.09771391652253536, "LEO-800-polar-NA": 0.08372032195447168, "SSO-400-SSO-DD": -0.0006687552602251863, "SSO-400-SSO-AM": 0.07124359192444847, "SSO-400-SSO-noon": 0.09633829461907768, "SSO-400-SSO-PM": 0.07713794913489122, "SSO-600-SSO-DD": 0.0025409027536042, "SSO-600-SSO-AM": 0.04567194516743812, "SSO-600-SSO-noon": 0.05661620950228168, "SSO-600-SSO-PM": 0.05307426240478858, "SSO-800-SSO-DD": 0.01167161027252734, "SSO-800-SSO-AM": 0.04467690200217718, "SSO-800-SSO-noon": 0.05649517279721431, "SSO-800-SSO-PM": 0.035165832668362595, "LEO-275-equat-NA": 0.004915484808511495, "SSO-1000-SSO-AM": 0.0675401236234356, "LEO-600-equat-NA": 0.009746651326826814}, "data_continuity": {"GEO-36000-equat-NA": -0.00010179594729988105, "LEO-275-polar-NA": 0.13583600463823628, "LEO-400-polar-NA": 0.04708176680458785, "LEO-600-polar-NA": 0.03704312718329372, "LEO-800-polar-NA": 0.05414540210514196, "SSO-400-SSO-DD": 0.0517875220192334, "SSO-400-SSO-AM": 0.04520159625098949, "SSO-400-SSO-noon": 0.038529935136745797, "SSO-400-SSO-PM": 0.049973742164774966, "SSO-600-SSO-DD": 0.04156598631715737, "SSO-600-SSO-AM": 0.04108845829275263, "SSO-600-SSO-noon": 0.035843547238898564, "SSO-600-SSO-PM": 0.04267344986277456, "SSO-800-SSO-DD": 0.06268022175022558, "SSO-800-SSO-AM": 0.051764808836286924, "SSO-800-SSO-noon": 0.049417440355113536, "SSO-800-SSO-PM": 0.03992980709642367, "LEO-275-equat-NA": 0.140376862882907, "SSO-1000-SSO-AM": 0.024724840994122595, "LEO-600-equat-NA": 0.05556116881794351}, "Oceanic": {"GEO-36000-equat-NA": 0.00020777971703976893, "LEO-275-polar-NA": 0.08406250859775324, "LEO-400-polar-NA": 0.08895285700562042, "LEO-600-polar-NA": 0.07887289955335358, "LEO-800-polar-NA": 0.07301409219981622, "SSO-400-SSO-DD": 0.0, "SSO-400-SSO-AM": 0.08222209672228628, "SSO-400-SSO-noon": 0.11128345138146906, "SSO-400-SSO-PM": 0.08457934971195226, "SSO-600-SSO-DD": 0.0029466785843236492, "SSO-600-SSO-AM": 0.042483263858153306, "SSO-600-SSO-noon": 0.06177608933165594, "SSO-600-SSO-PM": 0.048822181121217605, "SSO-800-SSO-DD": 0.013955922124352038, "SSO-800-SSO-AM": 0.042410374269180665, "SSO-800-SSO-noon": 0.06228159801025335, "SSO-800-SSO-PM": 0.03763516673805974, "LEO-275-equat-NA": 0.007238627141633092, "SSO-1000-SSO-AM": 0.07825149643960218, "LEO-600-equat-NA": 0.011448927220621432}, "Atmosphere": {"GEO-36000-equat-NA": 5.5837034679100026e-05, "LEO-275-polar-NA": 0.16212967378948212, "LEO-400-polar-NA": 0.1609609339174794, "LEO-600-polar-NA": 0.1428594042979791, "LEO-800-polar-NA": 0.12049438212537916, "SSO-400-SSO-DD": 0.0001663103879512541, "SSO-400-SSO-AM": 0.03204088610044347, "SSO-400-SSO-noon": 0.036963639505069375, "SSO-400-SSO-PM": 0.03391590902649923, "SSO-600-SSO-DD": 0.00023099891169607272, "SSO-600-SSO-AM": 0.030901796886421046, "SSO-600-SSO-noon": 0.0363808662543307, "SSO-600-SSO-PM": 0.03172190833316628, "SSO-800-SSO-DD": -0.0007295859547755545, "SSO-800-SSO-AM": 0.03689454480799408, "SSO-800-SSO-noon": 0.039359235871367276, "SSO-800-SSO-PM": 0.04351933527455857, "LEO-275-equat-NA": -0.0020717106982987136, "SSO-1000-SSO-AM": 0.09674712068984977, "LEO-600-equat-NA": 0.00039713805561456325}, "Terrestrial": {"GEO-36000-equat-NA": 0.0007633871213513311, "LEO-275-polar-NA": 0.10698089084461956, "LEO-400-polar-NA": 0.09421258700900971, "LEO-600-polar-NA": 0.08640537333217675, "LEO-800-polar-NA": 0.07358014924240817, "SSO-400-SSO-DD": 0.05404706446210702, "SSO-400-SSO-AM": 0.040933124728989266, "SSO-400-SSO-noon": 0.03948934964290634, "SSO-400-SSO-PM": 0.04488584175998104, "SSO-600-SSO-DD": 0.040591576217796216, "SSO-600-SSO-AM": 0.018496224222215193, "SSO-600-SSO-noon": 0.03730620430333845, "SSO-600-SSO-PM": 0.041497989898170044, "SSO-800-SSO-DD": 0.040786613908632065, "SSO-800-SSO-AM": 0.04754870876547527, "SSO-800-SSO-noon": 0.033045758592066474, "SSO-800-SSO-PM": 0.03476481119559763, "LEO-275-equat-NA": 0.054156922530981484, "SSO-1000-SSO-AM": 0.03564944155867769, "LEO-600-equat-NA": 0.04076950700336737}}, "ST": {"cost": {"GEO-36000-equat-NA": 0.5824489214845495, "LEO-275-polar-NA": 0.062315201995496707, "LEO-400-polar-NA": 0.08968858103805638, "LEO-600-polar-NA": 0.08286974172648538, "LEO-800-polar-NA": 0.09615219801140386, "SSO-400-SSO-DD": 0.640971450706311, "SSO-400-SSO-AM": 0.10689676635793365, "SSO-400-SSO-noon": 0.09332897207242159, "SSO-400-SSO-PM": 0.6141783290914539, "SSO-600-SSO-DD": 0.09389730776496952, "SSO-600-SSO-AM": 0.08169625247674268, "SSO-600-SSO-noon": 0.599476003776559, "SSO-600-SSO-PM": 0.09623204040136919, "SSO-800-SSO-DD": 0.691969303796033, "SSO-800-SSO-AM": 0.6128718196602042, "SSO-800-SSO-noon": 0.6136999319476628, "SSO-800-SSO-PM": 0.08948878521980139, "LEO-275-equat-NA": 0.09792790048571991, "SSO-1000-SSO-AM": 0.5735603710083181, "LEO-600-equat-NA": 0.07856360751009556}, "programmatic_risk": {"GEO-36000-equat-NA": 0.051262678431869414, "LEO-275-polar-NA": 0.053308470644521884, "LEO-400-polar-NA": 0.0490281801215563, "LEO-600-polar-NA": 0.05015242738630558, "LEO-800-polar-NA": 0.053060736394497064, "SSO-400-SSO-DD": 0.05171591882539259, "SSO-400-SSO-AM": 0.05146319166750136, "SSO-400-SSO-noon": 0.0520085182356202, "SSO-400-SSO-PM": 0.05266281346551116, "SSO-600-SSO-DD": 0.0520800003978088, "SSO-600-SSO-AM": 0.05235107899449656, "SSO-600-SSO-noon": 0.052880474977946866, "SSO-600-SSO-PM": 0.05139355873182424, "SSO-800-SSO-DD": 0.050746827110665395, "SSO-800-SSO-AM": 0.049995747270697756, "SSO-800-SSO-noon": 0.052129714744246484, "SSO-800-SSO-PM": 0.05387363804176336, "LEO-275-equat-NA": 0.052938942768133296, "SSO-1000-SSO-AM": 0.052690821230166905, "LEO-600-equat-NA": 0.05253683825125491}, "fairness": {"GEO-36000-equat-NA": 7.635899703585079e-05, "LEO-275-polar-NA": 0.10546904859495017, "LEO-400-polar-NA": 0.10198863565326688, "LEO-600-polar-NA": 0.08840113825948004, "LEO-800-polar-NA": 0.07800958280292597, "SSO-400-SSO-DD": 0.00014397288897530547, "SSO-400-SSO-AM": 0.07585421661152533, "SSO-400-SSO-noon": 0.07651063072568487, "SSO-400-SSO-PM": 0.07574044309275173, "SSO-600-SSO-DD": 0.009717703611223419, "SSO-600-SSO-AM": 0.05222721284868297, "SSO-600-SSO-noon": 0.05734244950848074, "SSO-600-SSO-PM": 0.054594580862213984,