{"S1": {"cost": {"ACE_CPR": -0.011250120334880822, "ACE_ORCA": 0.03246500901490145, "ACE_POL": -0.002268843323586957, "ACE_LID": 0.006031625882512639, "CLAR_ERB": 0.0018680383215934856, "DESD_SAR": 0.09153952432176742, "DESD_LID": -0.017107837625805488, "GACM_SWIR": 0.07949826427888579, "GACM_VIS": 0.02578495338592463, "HYSP_TIR": 0.021717907202207815, "CNES_KaRIN": 0.017466312531695734, "POSTEPS_IRS": 0.005028033777926708}, "programmatic_risk": {"ACE_CPR": 0.009522452061050823, "ACE_ORCA": -0.13996962834921373, "ACE_POL": -0.08221190020474119, "ACE_LID": -0.08420020766214531, "CLAR_ERB": -0.05709717131352771, "DESD_SAR": -0.0887274019318029, "DESD_LID": -0.08620873790455452, "GACM_SWIR": -0.04115660794276768, "GACM_VIS": -0.08659992569029323, "HYSP_TIR": -0.05018504295148284, "CNES_KaRIN": -0.02836743188585134, "POSTEPS_IRS": -0.010720377582945457}, "fairness": {"ACE_CPR": -0.001918673276588293, "ACE_ORCA": -0.09833563040801538, "ACE_POL": -0.026771567233600708, "ACE_LID": -0.015171175841332247, "CLAR_ERB": -0.022569957797199752, "DESD_SAR": 0.02766904942871822, "DESD_LID": -0.00683375646272787, "GACM_SWIR": 0.013379338985028721, "GACM_VIS": -0.037486294473179464, "HYSP_TIR": 0.007967911845167862, "CNES_KaRIN": 0.008705569473052685, "POSTEPS_IRS": 0.028865398870297716}, "data_continuity": {"ACE_CPR": -0.00647911148262399, "ACE_ORCA": -0.0020771253483755575, "ACE_POL": 0.053491264030919354, "ACE_LID": 0.05007753321620968, "CLAR_ERB": -0.004456640688581735, "DESD_SAR": 0.014917622314599994, "DESD_LID": 0.025962454518513374, "GACM_SWIR": 0.02456333061990682, "GACM_VIS": 0.015175264177530276, "HYSP_TIR": 0.030668712330513603, "CNES_KaRIN": 0.011148906712992585, "POSTEPS_IRS": 0.1252298723341612}, "Oceanic": {"ACE_CPR": -0.03593256049106666, "ACE_ORCA": -0.06520230363747472, "ACE_POL": -0.011446838518931272, "ACE_LID": 0.002426635210242007, "CLAR_ERB": -0.047195423544167885, "DESD_SAR": -0.017978531488918727, "DESD_LID": -0.010591131796458306, "GACM_SWIR": -0.005470989975630265, "GACM_VIS": -0.0027193514617949305, "HYSP_TIR": 0.041576051927511196, "CNES_KaRIN": -0.007568864624331698, "POSTEPS_IRS": 0.04072882620498347}, "Atmosphere": {"ACE_CPR": -0.029637618180580697, "ACE_ORCA": -0.05982377676198778, "ACE_POL": -0.026888873193706704, "ACE_LID": 0.029139493732532645, "CLAR_ERB": 0.033948987699529094, "DESD_SAR": 0.011643563376159245, "DESD_LID": 0.06150389182563408, "GACM_SWIR": 0.03222760174708038, "GACM_VIS": 0.07209609604085979, "HYSP_TIR": 0.04206691787375213, "CNES_KaRIN": 0.0922342553088433, "POSTEPS_IRS": 0.03392196810369623}, "Terrestrial": {"ACE_CPR": -0.042112681257873485, "ACE_ORCA": -0.049483172157432226, "ACE_POL": -0.016769610936178316, "ACE_LID": -0.04937015298631885, "CLAR_ERB": -0.023446471897403377, "DESD_SAR": -0.051716913325875795, "DESD_LID": -0.04808898804809136, "GACM_SWIR": -0.026877220680173838, "GACM_VIS": -0.052914133451329136, "HYSP_TIR": -0.056584366791435636, "CNES_KaRIN": -0.0013686608551277092, "POSTEPS_IRS": 0.06689404221750613}}, "ST": {"cost": {"ACE_CPR": 1.013496217279272, "ACE_ORCA": 0.9748975203508365, "ACE_POL": 0.9979508524793019, "ACE_LID": 0.9756959543276438, "CLAR_ERB": 1.0273132442066368, "DESD_SAR": 1.039365386679001, "DESD_LID": 0.9127661732017348, "GACM_SWIR": 0.9682960557303553, "GACM_VIS": 0.9818674303969699, "HYSP_TIR": 0.9907887668709513, "CNES_KaRIN": 1.0973298988794795, "POSTEPS_IRS": 1.0039239346360815}, "programmatic_risk": {"ACE_CPR": 0.9664892224225812, "ACE_ORCA": 1.0232108714159112, "ACE_POL": 0.9369295519242858, "ACE_LID": 1.0085376700808595, "CLAR_ERB": 0.9817836139408936, "DESD_SAR": 1.0580627948524028, "DESD_LID": 0.9561006786317368, "GACM_SWIR": 0.956009617972116, "GACM_VIS": 0.9412491281910738, "HYSP_TIR": 0.9748681525793949, "CNES_KaRIN": 0.9450573064364208, "POSTEPS_IRS": 0.9996388303679711}, "fairness": {"ACE_CPR": 0.9598745601457744, "ACE_ORCA": 0.902461983389235, "ACE_POL": 0.9284310294645954, "ACE_LID": 0.8872472505075579, "CLAR_ERB": 0.9264806915618239, "DESD_SAR": 0.9962548964098893, "DESD_LID": 0.9246554833758618, "GACM_SWIR": 0.918532598023055, "GACM_VIS": 0.9471061066281518, "HYSP_TIR": 0.9934791000515604, "CNES_KaRIN": 0.8860062839908553, "POSTEPS_IRS": 0.9270912500343295}, "data_continuity": {"ACE_CPR": 0.9474276151488313, "ACE_ORCA": 1.0331587586288964, "ACE_POL": 1.1000654177416946, "ACE_LID": 0.9951669204569403, "CLAR_ERB": 0.9721834104593423, "DESD_SAR": 1.0459193095029147, "DESD_LID": 1.0110772468859617, "GACM_SWIR": 1.002952770400616, "GACM_VIS": 0.9974740968766926, "HYSP_TIR": 1.0298887734245379, "CNES_KaRIN": 1.0292110320542331, "POSTEPS_IRS": 1.0412967314674872}, "Oceanic": {"ACE_CPR": 0.9434145848567762, "ACE_ORCA": 0.9099253539649204, "ACE_POL": 0.9831969321373558, "ACE_LID": 0.8678999287054722, "CLAR_ERB": 0.899709081423625, "DESD_SAR": 1.0035195523188631, "DESD_LID": 0.9143631496958503, "GACM_SWIR": 0.9587245894228577, "GACM_VIS": 0.9844164650716039, "HYSP_TIR": 0.9948619119144925, "CNES_KaRIN": 0.8866488700396861, "POSTEPS_IRS": 0.9247158659601121}, "Atmosphere": {"ACE_CPR": 0.9785515427918721, "ACE_ORCA": 1.03960558786272, "ACE_POL": 0.9393858723339041, "ACE_LID": 0.9710388499127177, "CLAR_ERB": 0.9416676798167756, "DESD_SAR": 1.0313732887069103, "DESD_LID": 0.9636650620119496, "GACM_SWIR": 1.012286638090678, "GACM_VIS": 1.0069025670783638, "HYSP_TIR": 0.9916412029283891, "CNES_KaRIN": 1.025444790156879, "POSTEPS_IRS": 0.9793985231379749}, "Terrestrial": {"ACE_CPR": 1.001622324067215, "ACE_ORCA": 0.9842402544341065, "ACE_POL": 1.0220131547506184, "ACE_LID": 0.9882073368358841, "CLAR_ERB": 1.0174052454778693, "DESD_SAR": 1.0341854325457018, "DESD_LID": 0.9664383696890201, "GACM_SWIR": 0.9950338987836492, "GACM_VIS": 0.9950716822435011, "HYSP_TIR": 1.0132165409506992, "CNES_KaRIN": 1.067220277926188, "POSTEPS_IRS": 1.0182672329744942}}}