{"S1": {"cost": {"ACE_CPR": 0.15093613451225274, "ACE_ORCA": -0.006757696817363348, "ACE_POL": -0.0036583017634981133, "ACE_LID": 0.12007254439779912, "CLAR_ERB": -0.004367332510544062, "DESD_SAR": 0.38094876695863816, "DESD_LID": 0.051493376369480114, "GACM_SWIR": -0.0014995454437263488, "GACM_VIS": -0.0016760197947928326, "HYSP_TIR": 0.010796145320725046, "CNES_KaRIN": 0.10011251454849082, "POSTEPS_IRS": -0.019537358595837648}, "programmatic_risk": {"ACE_CPR": 0.00664277530257974, "ACE_ORCA": 0.03779147885710302, "ACE_POL": 0.004195187640773177, "ACE_LID": 0.1563730264319382, "CLAR_ERB": 0.031193889839616164, "DESD_SAR": 0.021653844797329885, "DESD_LID": 0.016293374100241675, "GACM_SWIR": 0.1692847011652822, "GACM_VIS": 0.0009969196692133232, "HYSP_TIR": 0.025969613644793485, "CNES_KaRIN": -0.0015503984531697816, "POSTEPS_IRS": 0.03117215868032993}, "fairness": {"ACE_CPR": -0.004712422765480491, "ACE_ORCA": 0.2166775727425023, "ACE_POL": -0.0034784349105361845, "ACE_LID": 0.021168321411662444, "CLAR_ERB": 0.005842701790085722, "DESD_SAR": 0.001368157566247092, "DESD_LID": 0.010254112412551902, "GACM_SWIR": -0.013909036810486875, "GACM_VIS": 0.019955949961869435, "HYSP_TIR": -0.01180724514473976, "CNES_KaRIN": 0.0014749311990554655, "POSTEPS_IRS": -0.001304653478647942}, "data_continuity": {"ACE_CPR": 0.02667533534288443, "ACE_ORCA": -0.0038086858970478054, "ACE_POL": 0.006921206278276304, "ACE_LID": 0.006928620661308295, "CLAR_ERB": 0.30988133829112574, "DESD_SAR": 0.03975224224553204, "DESD_LID": 0.16102208268731938, "GACM_SWIR": 0.0026186698823405514, "GACM_VIS": -0.0012240798246635222, "HYSP_TIR": 0.11968850508633737, "CNES_KaRIN": 0.04427252741200616, "POSTEPS_IRS": 0.017135491626229463}, "Oceanic": {"ACE_CPR": -0.00014936211275892928, "ACE_ORCA": 0.39391395014158614, "ACE_POL": 0.002097851519251633, "ACE_LID": 0.013585318221010466, "CLAR_ERB": 0.052217580755154924, "DESD_SAR": 0.01067171112716476, "DESD_LID": 0.004133245529054634, "GACM_SWIR": 0.034489126305417714, "GACM_VIS": 0.010862976472720371, "HYSP_TIR": 0.0041137607141756094, "CNES_KaRIN": 0.00019985965431464978, "POSTEPS_IRS": 0.0031547257895552555}, "Atmosphere": {"ACE_CPR": 0.006993560080488949, "ACE_ORCA": -0.0030110873405547905, "ACE_POL": 0.016566922353090017, "ACE_LID": 0.016182037657680046, "CLAR_ERB": 0.18287000899960057, "DESD_SAR": 0.07788432722027804, "DESD_LID": 0.003896013985595346, "GACM_SWIR": 0.04783356800615495, "GACM_VIS": 0.21889875329742262, "HYSP_TIR": 0.09552731753702733, "CNES_KaRIN": 0.00582690590833191, "POSTEPS_IRS": 0.0005926653535568784}, "Terrestrial": {"ACE_CPR": 0.015995906825922678, "ACE_ORCA": 0.004828095114469156, "ACE_POL": 0.02957575452014306, "ACE_LID": 0.010038868675030644, "CLAR_ERB": 0.3885399953147012, "DESD_SAR": 0.023330928622939215, "DESD_LID": 0.10911500038665227, "GACM_SWIR": 0.027304631328923034, "GACM_VIS": 0.0002814268134450923, "HYSP_TIR": 0.09629507674943251, "CNES_KaRIN": 0.0330291846452743, "POSTEPS_IRS": 0.004052413860750952}}, "ST": {"cost": {"ACE_CPR": 0.26240170276353025, "ACE_ORCA": 0.06194245833995384, "ACE_POL": 0.08739270035688643, "ACE_LID": 0.24086727718788697, "CLAR_ERB": 0.08626045780589266, "DESD_SAR": 0.49971124668505384, "DESD_LID": 0.14376064833739638, "GACM_SWIR": 0.0897644339185277, "GACM_VIS": 0.08667299917342808, "HYSP_TIR": 0.09718409070481125, "CNES_KaRIN": 0.24000226587737714, "POSTEPS_IRS": 0.10647100022186579}, "programmatic_risk": {"ACE_CPR": 0.025518141501957265, "ACE_ORCA": 0.04904966526802661, "ACE_POL": 0.023324053051859577, "ACE_LID": 0.6330471310012672, "CLAR_ERB": 0.04887508071273869, "DESD_SAR": 0.04802183257129816, "DESD_LID": 0.024432333133465295, "GACM_SWIR": 0.6490678613578679, "GACM_VIS": 0.022659569753761107, "HYSP_TIR": 0.045392633442686015, "CNES_KaRIN": 0.025584712746462526, "POSTEPS_IRS": 0.050947898550897444}, "fairness": {"ACE_CPR": 0.050885112475535475, "ACE_ORCA": 0.7973517614800184, "ACE_POL": 0.0574669242089787, "ACE_LID": 0.054079560438562, "CLAR_ERB": 0.35023562642888156, "DESD_SAR": 0.2077412226232822, "DESD_LID": 0.0767877007822927, "GACM_SWIR": 0.2612182786457632, "GACM_VIS": 0.20890574553007754, "HYSP_TIR": 0.2224580432695431, "CNES_KaRIN": 0.03574041096483265, "POSTEPS_IRS": 0.007987900884775514}, "data_continuity": {"ACE_CPR": 0.04503939891044102, "ACE_ORCA": 0.012672167394173898, "ACE_POL": 0.05913786881914587, "ACE_LID": 0.04996287807114016, "CLAR_ERB": 0.4948962686599486, "DESD_SAR": 0.14294309184620588, "DESD_LID": 0.25852892833572494, "GACM_SWIR": 0.08680174099619126, "GACM_VIS": 0.024076800425654743, "HYSP_TIR": 0.21813095913119004, "CNES_KaRIN": 0.06719186999728033, "POSTEPS_IRS": 0.018645314796391976}, "Oceanic": {"ACE_CPR": 0.03425502300091266, "ACE_ORCA": 0.7114829724774534, "ACE_POL": 0.011615498828083402, "ACE_LID": 0.017575100207504843, "CLAR_ERB": 0.3112128062113819, "DESD_SAR": 0.14061367930812452, "DESD_LID": 0.03708916089747933, "GACM_SWIR": 0.09863602249508696, "GACM_VIS": 0.03917411219393007, "HYSP_TIR": 0.13166362995004757, "CNES_KaRIN": 0.009820991763151519, "POSTEPS_IRS": 0.004306690855858517}, "Atmosphere": {"ACE_CPR": 0.0436487420467061, "ACE_ORCA": 0.03697102216466533, "ACE_POL": 0.039538821139702675, "ACE_LID": 0.03139364377204487, "CLAR_ERB": 0.37518395950248723, "DESD_SAR": 0.21739937708823184, "DESD_LID": 0.007573955374638822, "GACM_SWIR": 0.09415582312089879, "GACM_VIS": 0.35082322892432866, "HYSP_TIR": 0.2451680652039311, "CNES_KaRIN": 0.012322019364397958, "POSTEPS_IRS": 0.005974781029473984}, "Terrestrial": {"ACE_CPR": 0.044352278506854005, "ACE_ORCA": 0.01553586520577849, "ACE_POL": 0.06350018315012575, "ACE_LID": 0.012919830679275207, "CLAR_ERB": 0.5779607294600198, "DESD_SAR": 0.13833955453990646, "DESD_LID": 0.20478587494932346, "GACM_SWIR": 0.13167600670492896, "GACM_VIS": 5.831179021603633e-05, "HYSP_TIR": 0.15953672035577848, "CNES_KaRIN": 0.053180633955446095, "POSTEPS_IRS": 0.0057883658694911164}}}