{"S1": {"cost": {"ACE_CPR": 0.1733437804222143, "ACE_ORCA": 0.006931841461093555, "ACE_POL": 0.009589655036139837, "ACE_LID": 0.14505967515030327, "CLAR_ERB": 0.010685313286922035, "DESD_SAR": 0.40585985082288933, "DESD_LID": 0.06912353311174194, "GACM_SWIR": 0.013464804960954958, "GACM_VIS": 0.01165529122831453, "HYSP_TIR": 0.012791121756544089, "CNES_KaRIN": 0.13620022644178856, "POSTEPS_IRS": 0.01300600724628068}, "programmatic_risk": {"ACE_CPR": 0.0009495737528449396, "ACE_ORCA": 0.04923219732424383, "ACE_POL": -0.009074836552074918, "ACE_LID": 0.14950009546771548, "CLAR_ERB": 0.03807144397015923, "DESD_SAR": 0.17116231300476423, "DESD_LID": 0.004765600574865931, "GACM_SWIR": 0.15994978320797995, "GACM_VIS": 0.0017452841804980518, "HYSP_TIR": 0.0422923236434296, "CNES_KaRIN": 0.02885995466672219, "POSTEPS_IRS": 0.023970152716284235}, "fairness": {"ACE_CPR": 0.005259191454602737, "ACE_ORCA": 0.2471227037770784, "ACE_POL": -0.0006914539932321752, "ACE_LID": 0.006195374320432229, "CLAR_ERB": 0.356165087381873, "DESD_SAR": 0.0017199112400364497, "DESD_LID": 0.0051553157350179585, "GACM_SWIR": 0.021026818653002984, "GACM_VIS": 0.000938350111060601, "HYSP_TIR": 0.024756600593351618, "CNES_KaRIN": 0.02530465949649732, "POSTEPS_IRS": 0.0025712294826982325}, "data_continuity": {"ACE_CPR": 0.011027705828469176, "ACE_ORCA": -0.002590104286384902, "ACE_POL": 0.020785939243264415, "ACE_LID": 0.043516146381251744, "CLAR_ERB": 0.2870511948487697, "DESD_SAR": 0.05266611975538695, "DESD_LID": 0.04225111356549399, "GACM_SWIR": 0.010801178609172254, "GACM_VIS": 0.010654242483020097, "HYSP_TIR": 0.17842634986313174, "CNES_KaRIN": 0.016816457791595164, "POSTEPS_IRS": 0.010874076629761}, "Oceanic": {"ACE_CPR": 0.004374947565589991, "ACE_ORCA": 0.2970870769365848, "ACE_POL": 0.0026216640947722162, "ACE_LID": 0.008566306461335427, "CLAR_ERB": 0.20843062992642616, "DESD_SAR": 0.012041157645679678, "DESD_LID": 0.0007459828378964982, "GACM_SWIR": 0.03588996078324456, "GACM_VIS": 0.012701497139718805, "HYSP_TIR": 0.019021774226925435, "CNES_KaRIN": 0.022181891104676714, "POSTEPS_IRS": 0.004173860644640561}, "Atmosphere": {"ACE_CPR": 0.01557515209058843, "ACE_ORCA": 0.0006345504365366821, "ACE_POL": 0.0003780072596798238, "ACE_LID": 0.001418553733681377, "CLAR_ERB": 0.6518521805988023, "DESD_SAR": 0.06028035531984249, "DESD_LID": 0.0011686081258937707, "GACM_SWIR": 0.0035138207303951805, "GACM_VIS": 0.04371121310652629, "HYSP_TIR": 0.07078521310391674, "CNES_KaRIN": 0.006150864634638854, "POSTEPS_IRS": 0.0031497260951261967}, "Terrestrial": {"ACE_CPR": 0.005288242466004368, "ACE_ORCA": -0.001079619225896632, "ACE_POL": -0.005723221075028002, "ACE_LID": 0.0008848901466906606, "CLAR_ERB": 0.16836009595065551, "DESD_SAR": 0.02478478431409854, "DESD_LID": 0.3227467577962338, "GACM_SWIR": 0.005570552297910727, "GACM_VIS": 0.0003417240111348342, "HYSP_TIR": 0.034353165528572586, "CNES_KaRIN": 0.00496288497712418, "POSTEPS_IRS": 0.0005481590516347838}}, "ST": {"cost": {"ACE_CPR": 0.24032572920662984, "ACE_ORCA": 0.0629557496787182, "ACE_POL": 0.0914696368630849, "ACE_LID": 0.24754531891690937, "CLAR_ERB": 0.0872425181612762, "DESD_SAR": 0.5165461941103027, "DESD_LID": 0.1580615176939558, "GACM_SWIR": 0.10160726300323293, "GACM_VIS": 0.10269787431669755, "HYSP_TIR": 0.08646047101886399, "CNES_KaRIN": 0.21268547471769872, "POSTEPS_IRS": 0.0889881055100445}, "programmatic_risk": {"ACE_CPR": 0.024215329729631856, "ACE_ORCA": 0.2218702644944758, "ACE_POL": 0.026596112754500564, "ACE_LID": 0.208217428929613, "CLAR_ERB": 0.20912367336297452, "DESD_SAR": 0.21310844553945568, "DESD_LID": 0.02424096712927399, "GACM_SWIR": 0.20212976978615707, "GACM_VIS": 0.026868261808411908, "HYSP_TIR": 0.22330006425652452, "CNES_KaRIN": 0.21651871142543747, "POSTEPS_IRS": 0.21779396153811825}, "fairness": {"ACE_CPR": 0.028633628714311517, "ACE_ORCA": 0.4398006888604508, "ACE_POL": 0.009194994360523154, "ACE_LID": 0.011032653782320418, "CLAR_ERB": 0.5297204150373883, "DESD_SAR": 0.11087156213375875, "DESD_LID": 0.02904671929366605, "GACM_SWIR": 0.09180889066842594, "GACM_VIS": 0.01567801009534848, "HYSP_TIR": 0.10810815134836144, "CNES_KaRIN": 0.04909096657807349, "POSTEPS_IRS": 0.004835717846368507}, "data_continuity": {"ACE_CPR": 0.048423409668742694, "ACE_ORCA": 0.015166613074888967, "ACE_POL": 0.09410228616225126, "ACE_LID": 0.12485694360575976, "CLAR_ERB": 0.46361317996697743, "DESD_SAR": 0.17105998531656585, "DESD_LID": 0.1551148785720187, "GACM_SWIR": 0.10053436562451702, "GACM_VIS": 0.048713361672556875, "HYSP_TIR": 0.28835768974553044, "CNES_KaRIN": 0.04176089764455503, "POSTEPS_IRS": 0.011249800926953027}, "Oceanic": {"ACE_CPR": 0.03979499327262617, "ACE_ORCA": 0.5446332095797135, "ACE_POL": 0.0100706588750524, "ACE_LID": 0.013141022706156106, "CLAR_ERB": 0.4063194580117269, "DESD_SAR": 0.1435165310863891, "DESD_LID": 0.029273917955102147, "GACM_SWIR": 0.11309794526104064, "GACM_VIS": 0.03096115916310028, "HYSP_TIR": 0.11566021233381621, "CNES_KaRIN": 0.05636523277816096, "POSTEPS_IRS": 0.004898415766307943}, "Atmosphere": {"ACE_CPR": 0.024770469147445538, "ACE_ORCA": 0.006476791994821569, "ACE_POL": 0.010395297903664707, "ACE_LID": 0.005412758289165509, "CLAR_ERB": 0.7101051076836171, "DESD_SAR": 0.11563350402996618, "DESD_LID": 0.0012019380275098978, "GACM_SWIR": 0.03493347834000798, "GACM_VIS": 0.10640516927640901, "HYSP_TIR": 0.1350965006719296, "CNES_KaRIN": 0.005391218599759755, "POSTEPS_IRS": 0.010922126235210468}, "Terrestrial": {"ACE_CPR": 0.03399230704092534, "ACE_ORCA": 0.012363183796044163, "ACE_POL": 0.012505432936417328, "ACE_LID": 0.009604600133128777, "CLAR_ERB": 0.4313304435456638, "DESD_SAR": 0.1779797057204943, "DESD_LID": 0.604035004473521, "GACM_SWIR": 0.11249890230174393, "GACM_VIS": 4.8943244950501284e-05, "HYSP_TIR": 0.1685201683180737, "CNES_KaRIN": 0.008439425012110648, "POSTEPS_IRS": 0.0047623887755299825}}}