{"S1": {"cost": {"GEO-36000-equat-NA": 0.06529146734986502, "LEO-275-polar-NA": 0.00033480436669486226, "LEO-400-polar-NA": 0.010859298922234629, "LEO-600-polar-NA": 0.010686472241451793, "LEO-800-polar-NA": 0.010335916110351262, "SSO-400-SSO-DD": 0.03506569063838331, "SSO-400-SSO-AM": 0.01675702876773354, "SSO-400-SSO-noon": 0.018730733174277217, "SSO-400-SSO-PM": 0.05130227668511614, "SSO-600-SSO-DD": 0.01531473338444396, "SSO-600-SSO-AM": 0.008235299294426839, "SSO-600-SSO-noon": 0.007160182305652987, "SSO-600-SSO-PM": 0.010415987359797955, "SSO-800-SSO-DD": 0.026648408336107283, "SSO-800-SSO-AM": 0.06758959051969574, "SSO-800-SSO-noon": 0.0014031293415567925, "SSO-800-SSO-PM": 0.017324457016518607, "LEO-275-equat-NA": 0.005554501093899389, "SSO-1000-SSO-AM": 0.009499683249159386, "LEO-600-equat-NA": -0.004029134242472499}, "programmatic_risk": {"GEO-36000-equat-NA": 0.054015636411984175, "LEO-275-polar-NA": 0.04445420887594777, "LEO-400-polar-NA": 0.05181882235625882, "LEO-600-polar-NA": 0.04799895613357556, "LEO-800-polar-NA": 0.054202178532674894, "SSO-400-SSO-DD": 0.05432271939276712, "SSO-400-SSO-AM": 0.042757461483072516, "SSO-400-SSO-noon": 0.05250841928535531, "SSO-400-SSO-PM": 0.05692348235008849, "SSO-600-SSO-DD": 0.04478066004593239, "SSO-600-SSO-AM": 0.046024086746876615, "SSO-600-SSO-noon": 0.04108526444716404, "SSO-600-SSO-PM": 0.04956062478276884, "SSO-800-SSO-DD": 0.03973887946384822, "SSO-800-SSO-AM": 0.04764148568198068, "SSO-800-SSO-noon": 0.055143226358324283, "SSO-800-SSO-PM": 0.043651894428217694, "LEO-275-equat-NA": 0.04083316515641668, "SSO-1000-SSO-AM": 0.042957979267747526, "LEO-600-equat-NA": 0.04377588951559668}, "fairness": {"GEO-36000-equat-NA": -0.0001055338150900899, "LEO-275-polar-NA": 0.10093924030307887, "LEO-400-polar-NA": 0.09634587216790902, "LEO-600-polar-NA": 0.06491675699216107, "LEO-800-polar-NA": 0.047395250833900636, "SSO-400-SSO-DD": -0.0006074062384673581, "SSO-400-SSO-AM": 0.08731367654950768, "SSO-400-SSO-noon": 0.10179458163719095, "SSO-400-SSO-PM": 0.09217554273428233, "SSO-600-SSO-DD": -0.003465422908502033, "SSO-600-SSO-AM": 0.02433791306464888, "SSO-600-SSO-noon": 0.044086282055966854, "SSO-600-SSO-PM": 0.024207431548710287, "SSO-800-SSO-DD": 0.0019582696790803144, "SSO-800-SSO-AM": 0.02154123230537334, "SSO-800-SSO-noon": 0.04060911581055606, "SSO-800-SSO-PM": 0.019523006411107303, "LEO-275-equat-NA": 0.0006404124351980865, "SSO-1000-SSO-AM": 0.03004751916794421, "LEO-600-equat-NA": 0.000427485413384093}, "data_continuity": {"GEO-36000-equat-NA": 0.0010235049603513258, "LEO-275-polar-NA": 0.07799277013918265, "LEO-400-polar-NA": 0.04796210570509741, "LEO-600-polar-NA": 0.05166595632495589, "LEO-800-polar-NA": 0.04582398638048449, "SSO-400-SSO-DD": 0.06848089096259155, "SSO-400-SSO-AM": 0.056644661032730095, "SSO-400-SSO-noon": 0.049655166686942774, "SSO-400-SSO-PM": 0.07163679908920378, "SSO-600-SSO-DD": 0.06838335115953549, "SSO-600-SSO-AM": 0.05280199704883239, "SSO-600-SSO-noon": 0.04968291760684782, "SSO-600-SSO-PM": 0.05438600142045274, "SSO-800-SSO-DD": 0.07361896577479277, "SSO-800-SSO-AM": 0.04220241013447502, "SSO-800-SSO-noon": 0.04316256565332004, "SSO-800-SSO-PM": 0.03560445266906792, "LEO-275-equat-NA": 0.07833692244367663, "SSO-1000-SSO-AM": 0.0, "LEO-600-equat-NA": 0.05799398485739214}, "Oceanic": {"GEO-36000-equat-NA": 6.782148552158866e-05, "LEO-275-polar-NA": 0.09697739612345357, "LEO-400-polar-NA": 0.10180645386124278, "LEO-600-polar-NA": 0.06798979554279282, "LEO-800-polar-NA": 0.06349922857183984, "SSO-400-SSO-DD": 0.0, "SSO-400-SSO-AM": 0.09932803649474382, "SSO-400-SSO-noon": 0.11987953526318978, "SSO-400-SSO-PM": 0.09649017114516424, "SSO-600-SSO-DD": -0.0018451403568085023, "SSO-600-SSO-AM": 0.04041578258079697, "SSO-600-SSO-noon": 0.059601195057765004, "SSO-600-SSO-PM": 0.04485564383661458, "SSO-800-SSO-DD": 0.0023793196533911983, "SSO-800-SSO-AM": 0.03691534842066996, "SSO-800-SSO-noon": 0.058198038004986824, "SSO-800-SSO-PM": 0.0332267462994009, "LEO-275-equat-NA": -0.0002282181762915777, "SSO-1000-SSO-AM": 0.06441166566477313, "LEO-600-equat-NA": 0.0013371163354306955}, "Atmosphere": {"GEO-36000-equat-NA": 0.00017632733783739114, "LEO-275-polar-NA": 0.02745988140578483, "LEO-400-polar-NA": 0.03269284863806034, "LEO-600-polar-NA": 0.027309996772074234, "LEO-800-polar-NA": 0.0432301119081205, "SSO-400-SSO-DD": 0.0014006224789288044, "SSO-400-SSO-AM": 0.02871156112930894, "SSO-400-SSO-noon": 0.06311149165111363, "SSO-400-SSO-PM": 0.057913983667778224, "SSO-600-SSO-DD": 0.0015861889240326326, "SSO-600-SSO-AM": 0.024394524671252863, "SSO-600-SSO-noon": 0.06444042427420521, "SSO-600-SSO-PM": 0.07832131836090243, "SSO-800-SSO-DD": -0.0003883073717540192, "SSO-800-SSO-AM": 0.05400882341910395, "SSO-800-SSO-noon": 0.14723517993090326, "SSO-800-SSO-PM": 0.1773180397900044, "LEO-275-equat-NA": 0.008552803611994618, "SSO-1000-SSO-AM": 0.19131234103096653, "LEO-600-equat-NA": 0.0036914010403945783}, "Terrestrial": {"GEO-36000-equat-NA": -0.0001514223709212946, "LEO-275-polar-NA": 0.04835574333925809, "LEO-400-polar-NA": 0.048069718444195955, "LEO-600-polar-NA": 0.08488170325381433, "LEO-800-polar-NA": 0.08410131030879352, "SSO-400-SSO-DD": 0.009762807412399387, "SSO-400-SSO-AM": 0.03172475197723308, "SSO-400-SSO-noon": 0.03709948921714926, "SSO-400-SSO-PM": 0.03331427794510149, "SSO-600-SSO-DD": 0.04500407580621423, "SSO-600-SSO-AM": 0.06078505399285942, "SSO-600-SSO-noon": 0.06420345106028348, "SSO-600-SSO-PM": 0.05831303141623968, "SSO-800-SSO-DD": 0.04985431263359411, "SSO-800-SSO-AM": 0.07490278182487813, "SSO-800-SSO-noon": 0.06717636709778146, "SSO-800-SSO-PM": 0.05300371575922332, "LEO-275-equat-NA": 0.029255216785504724, "SSO-1000-SSO-AM": 0.054303772744895534, "LEO-600-equat-NA": 0.05730691265311864}}, "ST": {"cost": {"GEO-36000-equat-NA": 0.5899363143799284, "LEO-275-polar-NA": 0.07006780243379598, "LEO-400-polar-NA": 0.076246442558692, "LEO-600-polar-NA": 0.08706361340220108, "LEO-800-polar-NA": 0.09005290053342681, "SSO-400-SSO-DD": 0.6192702330128532, "SSO-400-SSO-AM": 0.11414195330503278, "SSO-400-SSO-noon": 0.11389943325525326, "SSO-400-SSO-PM": 0.6140010465807016, "SSO-600-SSO-DD": 0.10974801835763287, "SSO-600-SSO-AM": 0.10881134063599625, "SSO-600-SSO-noon": 0.5842047027453019, "SSO-600-SSO-PM": 0.11407755773360939, "SSO-800-SSO-DD": 0.6735616166494971, "SSO-800-SSO-AM": 0.6177120514644904, "SSO-800-SSO-noon": 0.5942347904520557, "SSO-800-SSO-PM": 0.08628945970339058, "LEO-275-equat-NA": 0.1208119424292335, "SSO-1000-SSO-AM": 0.564786243826559, "LEO-600-equat-NA": 0.11977735741134093}, "programmatic_risk": {"GEO-36000-equat-NA": 0.05061607294747015, "LEO-275-polar-NA": 0.05055341257409429, "LEO-400-polar-NA": 0.05022133863585511, "LEO-600-polar-NA": 0.05083474272802768, "LEO-800-polar-NA": 0.051444759366118545, "SSO-400-SSO-DD": 0.05369849589474161, "SSO-400-SSO-AM": 0.050205270556762126, "SSO-400-SSO-noon": 0.04996335045490405, "SSO-400-SSO-PM": 0.05149595747913878, "SSO-600-SSO-DD": 0.05118840817691341, "SSO-600-SSO-AM": 0.05069560640956804, "SSO-600-SSO-noon": 0.049831384458909896, "SSO-600-SSO-PM": 0.05088484644591298, "SSO-800-SSO-DD": 0.049652106045765136, "SSO-800-SSO-AM": 0.05069852354287646, "SSO-800-SSO-noon": 0.04983007096445329, "SSO-800-SSO-PM": 0.047090043844949234, "LEO-275-equat-NA": 0.05066015276767252, "SSO-1000-SSO-AM": 0.051231275978387086, "LEO-600-equat-NA": 0.05140483009529271}, "fairness": {"GEO-36000-equat-NA": 2.1717310277719583e-05, "LEO-275-polar-NA": 0.1472620828080849, "LEO-400-polar-NA": 0.1371034700750584, "LEO-600-polar-NA": 0.0789254494618842, "LEO-800-polar-NA": 0.0701524437750145, "SSO-400-SSO-DD": 0.0002646299583323883, "SSO-400-SSO-AM": 0.12183428966089627, "SSO-400-SSO-noon": 0.13079483385177187, "SSO-400-SSO-PM": 0.12223713399666607, "SSO-600-SSO-DD": 0.0017686218718319345, "SSO-600-SSO-AM": 0.06045713389072354, "SSO-600-SSO-noon": 0.07065626199171762, "SSO-600-SSO-PM": 0.0640725949861134,