{"S1": {"cost": {"ACE_CPR": -0.036906317726757676, "ACE_ORCA": -0.08463045489926398, "ACE_POL": -0.11805861125925698, "ACE_LID": -0.07975922986726032, "CLAR_ERB": -0.10707490996559375, "DESD_SAR": -0.09380619008413577, "DESD_LID": -0.06397302666566274, "GACM_SWIR": -0.09001905175351985, "GACM_VIS": -0.035532256537130553, "HYSP_TIR": -0.053785281245462044, "CNES_KaRIN": -0.003293322291238899, "POSTEPS_IRS": 0.12121212647077968}, "programmatic_risk": {"ACE_CPR": 0.020519536801443305, "ACE_ORCA": 0.060705518242545775, "ACE_POL": 0.08838807864334763, "ACE_LID": 0.026675765697950795, "CLAR_ERB": -0.06870582027183415, "DESD_SAR": 0.019326085985623027, "DESD_LID": 0.04722109423841665, "GACM_SWIR": 0.1342378243915089, "GACM_VIS": 0.048900134652057926, "HYSP_TIR": 0.10011565563472444, "CNES_KaRIN": 0.11600388189477283, "POSTEPS_IRS": 0.2543984699134115}, "fairness": {"ACE_CPR": -0.020029469154936884, "ACE_ORCA": -0.09098854042099465, "ACE_POL": -0.01321260612262305, "ACE_LID": -0.011670936977462697, "CLAR_ERB": 0.042366252487408614, "DESD_SAR": -0.014921718851451162, "DESD_LID": -0.00484441204145723, "GACM_SWIR": 0.0063511134025381576, "GACM_VIS": 0.022360329876401012, "HYSP_TIR": 0.05599709293548506, "CNES_KaRIN": 0.024452925746268762, "POSTEPS_IRS": 0.1534648625261636}, "data_continuity": {"ACE_CPR": -0.005676262383345582, "ACE_ORCA": -0.06929156444352888, "ACE_POL": -0.1015476893545129, "ACE_LID": -0.12789962979046612, "CLAR_ERB": -0.06044985483363921, "DESD_SAR": -0.08377511957069442, "DESD_LID": -0.08557299159428475, "GACM_SWIR": -0.1430386972387093, "GACM_VIS": -0.04593249107467346, "HYSP_TIR": -0.10968249903954878, "CNES_KaRIN": -0.04983931709895551, "POSTEPS_IRS": -0.01421646734932613}, "Oceanic": {"ACE_CPR": 0.008740402372483488, "ACE_ORCA": -0.018217512419459823, "ACE_POL": 0.06463956510390895, "ACE_LID": 0.08637342025677693, "CLAR_ERB": 0.046630373466560925, "DESD_SAR": 0.07567229020060841, "DESD_LID": 0.053605356873381416, "GACM_SWIR": 0.06798098946945201, "GACM_VIS": 0.12808203435209264, "HYSP_TIR": 0.09224788154789122, "CNES_KaRIN": 0.0872780664763952, "POSTEPS_IRS": 0.20769067611948247}, "Atmosphere": {"ACE_CPR": -0.03650557370848248, "ACE_ORCA": 0.05880005908581284, "ACE_POL": 0.008213375034569412, "ACE_LID": -0.00041338077519894126, "CLAR_ERB": -0.03074987038590137, "DESD_SAR": 0.019147616404852994, "DESD_LID": 0.05163692966247525, "GACM_SWIR": 6.192166552279722e-05, "GACM_VIS": 0.10608293200649577, "HYSP_TIR": 0.07973837686851776, "CNES_KaRIN": 0.09839251787759361, "POSTEPS_IRS": 0.13255380239799258}, "Terrestrial": {"ACE_CPR": -0.004172448931151392, "ACE_ORCA": -0.02403209714361223, "ACE_POL": -0.023484711885115736, "ACE_LID": -0.09576741075802267, "CLAR_ERB": -0.008569325602115175, "DESD_SAR": -0.0799480160626934, "DESD_LID": -0.0825798988843522, "GACM_SWIR": -0.029472633503568834, "GACM_VIS": -0.11365819515661862, "HYSP_TIR": -0.0724531877443443, "CNES_KaRIN": -0.052347094769436504, "POSTEPS_IRS": 0.11803049619210959}}, "ST": {"cost": {"ACE_CPR": 0.9297515490350903, "ACE_ORCA": 1.0620558263107367, "ACE_POL": 0.8888651903102079, "ACE_LID": 1.1002256534175565, "CLAR_ERB": 1.1359803506406643, "DESD_SAR": 0.9663732877316934, "DESD_LID": 0.9833696258958922, "GACM_SWIR": 1.0676967228180505, "GACM_VIS": 1.0230249179351396, "HYSP_TIR": 1.0866405266195511, "CNES_KaRIN": 1.1239238956026671, "POSTEPS_IRS": 0.99981047980843}, "programmatic_risk": {"ACE_CPR": 0.8093010581754124, "ACE_ORCA": 0.8496061276781115, "ACE_POL": 0.9183868270288431, "ACE_LID": 0.9956303019573625, "CLAR_ERB": 1.0316587709002292, "DESD_SAR": 0.9241658148299694, "DESD_LID": 1.003452559429864, "GACM_SWIR": 1.0231750901349475, "GACM_VIS": 1.0859011350854386, "HYSP_TIR": 1.0481602728381485, "CNES_KaRIN": 1.003715771083134, "POSTEPS_IRS": 0.8565812730365434}, "fairness": {"ACE_CPR": 0.8496523421994824, "ACE_ORCA": 0.939889184446845, "ACE_POL": 0.9580090496103173, "ACE_LID": 1.0205635234227801, "CLAR_ERB": 1.0893199002673837, "DESD_SAR": 1.0023501536081343, "DESD_LID": 1.1053113018538925, "GACM_SWIR": 0.9608737843216167, "GACM_VIS": 0.9062199066646904, "HYSP_TIR": 0.9847011216343969, "CNES_KaRIN": 0.9752037780832555, "POSTEPS_IRS": 0.9776399263596823}, "data_continuity": {"ACE_CPR": 0.8434037576610524, "ACE_ORCA": 0.9017447458923321, "ACE_POL": 0.9724830630563812, "ACE_LID": 0.9758572797796092, "CLAR_ERB": 0.9592460799706495, "DESD_SAR": 0.9581742842501417, "DESD_LID": 0.9888757392241889, "GACM_SWIR": 0.953249308615385, "GACM_VIS": 1.0166613391462127, "HYSP_TIR": 1.0254502304404058, "CNES_KaRIN": 0.9226830779307453, "POSTEPS_IRS": 0.973958260865574}, "Oceanic": {"ACE_CPR": 0.8717487094218326, "ACE_ORCA": 0.9090985278876014, "ACE_POL": 0.9877728631674597, "ACE_LID": 1.0992349784966733, "CLAR_ERB": 1.0428419606923054, "DESD_SAR": 1.0423843813870108, "DESD_LID": 1.0539600567845837, "GACM_SWIR": 0.9832052429968968, "GACM_VIS": 0.9819963954465017, "HYSP_TIR": 0.923050262979905, "CNES_KaRIN": 1.0169538182453435, "POSTEPS_IRS": 0.9754956670020625}, "Atmosphere": {"ACE_CPR": 0.9422890584691175, "ACE_ORCA": 0.9218392485502322, "ACE_POL": 1.0946998265346948, "ACE_LID": 1.040920682836464, "CLAR_ERB": 0.9511026386717041, "DESD_SAR": 0.835564466388467, "DESD_LID": 0.9373544578524545, "GACM_SWIR": 0.9739385805664166, "GACM_VIS": 1.0346012889404739, "HYSP_TIR": 1.0779246888976504, "CNES_KaRIN": 0.9575474428796252, "POSTEPS_IRS": 1.0059859927744188}, "Terrestrial": {"ACE_CPR": 0.8710715194456202, "ACE_ORCA": 0.9319666482441692, "ACE_POL": 0.9308452659629405, "ACE_LID": 0.9304296314275429, "CLAR_ERB": 0.9397714482695306, "DESD_SAR": 1.0006822941907956, "DESD_LID": 0.9540174115927542, "GACM_SWIR": 0.9411028045610205, "GACM_VIS": 1.0327026702004034, "HYSP_TIR": 0.925163687581472, "CNES_KaRIN": 0.9285905048796506, "POSTEPS_IRS": 1.0047910772553748}}}