{"S1": {"cost": {"GEO-36000-equat-NA": 0.08327590309223376, "LEO-275-polar-NA": 0.0003016839988436626, "LEO-400-polar-NA": -0.0054066293125224945, "LEO-600-polar-NA": -0.005383161749052117, "LEO-800-polar-NA": -0.0029245869530137763, "SSO-400-SSO-DD": 0.018584330975496537, "SSO-400-SSO-AM": -0.009353254606287076, "SSO-400-SSO-noon": 0.0006247306014099225, "SSO-400-SSO-PM": 0.058812315045003026, "SSO-600-SSO-DD": -0.005889125092903922, "SSO-600-SSO-AM": -0.008229745371245033, "SSO-600-SSO-noon": 0.03316841976912624, "SSO-600-SSO-PM": 0.0017575908116824431, "SSO-800-SSO-DD": 0.0002107509070092386, "SSO-800-SSO-AM": 0.07529262619480585, "SSO-800-SSO-noon": 0.007377029887020728, "SSO-800-SSO-PM": 0.004877042815578599, "LEO-275-equat-NA": -0.011522001065586417, "SSO-1000-SSO-AM": 0.03929916761586262, "LEO-600-equat-NA": -0.00854982725432686}, "programmatic_risk": {"GEO-36000-equat-NA": 0.04240887761145278, "LEO-275-polar-NA": 0.044026984142993386, "LEO-400-polar-NA": 0.0421693015807047, "LEO-600-polar-NA": 0.05189197476266209, "LEO-800-polar-NA": 0.05953909108057139, "SSO-400-SSO-DD": 0.061687374994809974, "SSO-400-SSO-AM": 0.058880580520563434, "SSO-400-SSO-noon": 0.04067341303962847, "SSO-400-SSO-PM": 0.05302873963022786, "SSO-600-SSO-DD": 0.05560188200476857, "SSO-600-SSO-AM": 0.041164583703447576, "SSO-600-SSO-noon": 0.0658152941620224, "SSO-600-SSO-PM": 0.03964781721571643, "SSO-800-SSO-DD": 0.04852244356301156, "SSO-800-SSO-AM": 0.020306808964268425, "SSO-800-SSO-noon": 0.05338050767527743, "SSO-800-SSO-PM": 0.052340828345071956, "LEO-275-equat-NA": 0.06973565637327837, "SSO-1000-SSO-AM": 0.04376702686583709, "LEO-600-equat-NA": 0.05115255821155691}, "fairness": {"GEO-36000-equat-NA": 0.0005776439682226942, "LEO-275-polar-NA": 0.03830831757531678, "LEO-400-polar-NA": 0.03462540909844174, "LEO-600-polar-NA": 0.026135158367129, "LEO-800-polar-NA": 0.026943156545944442, "SSO-400-SSO-DD": 0.0021121500362005405, "SSO-400-SSO-AM": 0.030692246843499894, "SSO-400-SSO-noon": 0.03762035997470967, "SSO-400-SSO-PM": 0.06210273155134496, "SSO-600-SSO-DD": 0.001021149042374906, "SSO-600-SSO-AM": 0.00925594535042464, "SSO-600-SSO-noon": 0.00023880276058348677, "SSO-600-SSO-PM": 0.049891803852764316, "SSO-800-SSO-DD": 0.0007678053280297602, "SSO-800-SSO-AM": 0.019210134777349553, "SSO-800-SSO-noon": 0.05185729848310687, "SSO-800-SSO-PM": 0.06747577255042655, "LEO-275-equat-NA": 0.006527291459748194, "SSO-1000-SSO-AM": 0.04284384460413082, "LEO-600-equat-NA": 0.002379425524664763}, "data_continuity": {"GEO-36000-equat-NA": -0.00010179594729988105, "LEO-275-polar-NA": 0.13583600463823628, "LEO-400-polar-NA": 0.04708176680458785, "LEO-600-polar-NA": 0.03704312718329372, "LEO-800-polar-NA": 0.05414540210514196, "SSO-400-SSO-DD": 0.0517875220192334, "SSO-400-SSO-AM": 0.04520159625098949, "SSO-400-SSO-noon": 0.038529935136745797, "SSO-400-SSO-PM": 0.049973742164774966, "SSO-600-SSO-DD": 0.04156598631715737, "SSO-600-SSO-AM": 0.04108845829275263, "SSO-600-SSO-noon": 0.035843547238898564, "SSO-600-SSO-PM": 0.04267344986277456, "SSO-800-SSO-DD": 0.06268022175022558, "SSO-800-SSO-AM": 0.051764808836286924, "SSO-800-SSO-noon": 0.049417440355113536, "SSO-800-SSO-PM": 0.03992980709642367, "LEO-275-equat-NA": 0.140376862882907, "SSO-1000-SSO-AM": 0.024724840994122595, "LEO-600-equat-NA": 0.05556116881794351}, "Oceanic": {"GEO-36000-equat-NA": 5.264507809386165e-05, "LEO-275-polar-NA": 0.10056057554448959, "LEO-400-polar-NA": 0.10550828345390131, "LEO-600-polar-NA": 0.06536440827700493, "LEO-800-polar-NA": 0.06191857255431326, "SSO-400-SSO-DD": 0.0, "SSO-400-SSO-AM": 0.10321356523236416, "SSO-400-SSO-noon": 0.12299909226157996, "SSO-400-SSO-PM": 0.0996967167982554, "SSO-600-SSO-DD": -0.0015618442039026723, "SSO-600-SSO-AM": 0.039380304490846625, "SSO-600-SSO-noon": 0.05786882727668882, "SSO-600-SSO-PM": 0.042879410024657186, "SSO-800-SSO-DD": 0.001695900651379851, "SSO-800-SSO-AM": 0.03485488617754014, "SSO-800-SSO-noon": 0.055873974720239306, "SSO-800-SSO-PM": 0.03110009221226812, "LEO-275-equat-NA": -0.00029945023085042595, "SSO-1000-SSO-AM": 0.06108349141941033, "LEO-600-equat-NA": 0.00037496033058393813}, "Atmosphere": {"GEO-36000-equat-NA": 0.00032134743347046724, "LEO-275-polar-NA": 0.03408424832602182, "LEO-400-polar-NA": 0.04249190805993554, "LEO-600-polar-NA": 0.03480308222038824, "LEO-800-polar-NA": 0.04663142678161881, "SSO-400-SSO-DD": 0.0019475426049892152, "SSO-400-SSO-AM": 0.03770990236207069, "SSO-400-SSO-noon": 0.06615069382836572, "SSO-400-SSO-PM": 0.0631927449907674, "SSO-600-SSO-DD": 0.0024491164539366646, "SSO-600-SSO-AM": 0.02874886006238788, "SSO-600-SSO-noon": 0.06770950043679763, "SSO-600-SSO-PM": 0.08003668731806639, "SSO-800-SSO-DD": 0.0002662060603148514, "SSO-800-SSO-AM": 0.05785933876420052, "SSO-800-SSO-noon": 0.13035941864519912, "SSO-800-SSO-PM": 0.14960219927305388, "LEO-275-equat-NA": 0.014728964538609755, "SSO-1000-SSO-AM": 0.15769003848438318, "LEO-600-equat-NA": 0.007042003261856067}, "Terrestrial": {"GEO-36000-equat-NA": -9.865538740099708e-06, "LEO-275-polar-NA": 0.07470550413647349, "LEO-400-polar-NA": 0.0724520240221242, "LEO-600-polar-NA": 0.08142347264497626, "LEO-800-polar-NA": 0.0805937950731869, "SSO-400-SSO-DD": 0.01919164140794273, "SSO-400-SSO-AM": 0.04594660865273821, "SSO-400-SSO-noon": 0.0494869757504917, "SSO-400-SSO-PM": 0.04932414535229762, "SSO-600-SSO-DD": 0.02461276373388208, "SSO-600-SSO-AM": 0.04324507348915123, "SSO-600-SSO-noon": 0.05196676945908457, "SSO-600-SSO-PM": 0.04798173893869995, "SSO-800-SSO-DD": 0.03400162076587379, "SSO-800-SSO-AM": 0.06350470494470506, "SSO-800-SSO-noon": 0.05386353465772536, "SSO-800-SSO-PM": 0.040600990713808696, "LEO-275-equat-NA": 0.036043477476835666, "SSO-1000-SSO-AM": 0.05472116439673932, "LEO-600-equat-NA": 0.04433177591389846}}, "ST": {"cost": {"GEO-36000-equat-NA": 0.5748719220233788, "LEO-275-polar-NA": 0.07263426428710851, "LEO-400-polar-NA": 0.10472763086651861, "LEO-600-polar-NA": 0.08940491463400728, "LEO-800-polar-NA": 0.09285380353643569, "SSO-400-SSO-DD": 0.6241723343706367, "SSO-400-SSO-AM": 0.10062341485536566, "SSO-400-SSO-noon": 0.11474054109237372, "SSO-400-SSO-PM": 0.5997871139701182, "SSO-600-SSO-DD": 0.12104785075731218, "SSO-600-SSO-AM": 0.10917094540696522, "SSO-600-SSO-noon": 0.6112959298466842, "SSO-600-SSO-PM": 0.10349341060762435, "SSO-800-SSO-DD": 0.6374656676228722, "SSO-800-SSO-AM": 0.6093117212744409, "SSO-800-SSO-noon": 0.5974973431821538, "SSO-800-SSO-PM": 0.09955679001916289, "LEO-275-equat-NA": 0.11728414965933541, "SSO-1000-SSO-AM": 0.5666149147058661, "LEO-600-equat-NA": 0.10389984887113513}, "programmatic_risk": {"GEO-36000-equat-NA": 0.051262678431869414, "LEO-275-polar-NA": 0.053308470644521884, "LEO-400-polar-NA": 0.0490281801215563, "LEO-600-polar-NA": 0.05015242738630558, "LEO-800-polar-NA": 0.053060736394497064, "SSO-400-SSO-DD": 0.05171591882539259, "SSO-400-SSO-AM": 0.05146319166750136, "SSO-400-SSO-noon": 0.0520085182356202, "SSO-400-SSO-PM": 0.05266281346551116, "SSO-600-SSO-DD": 0.0520800003978088, "SSO-600-SSO-AM": 0.05235107899449656, "SSO-600-SSO-noon": 0.052880474977946866, "SSO-600-SSO-PM": 0.05139355873182424, "SSO-800-SSO-DD": 0.050746827110665395, "SSO-800-SSO-AM": 0.049995747270697756, "SSO-800-SSO-noon": 0.052129714744246484, "SSO-800-SSO-PM": 0.05387363804176336, "LEO-275-equat-NA": 0.052938942768133296, "SSO-1000-SSO-AM": 0.052690821230166905, "LEO-600-equat-NA": 0.05253683825125491}, "fairness": {"GEO-36000-equat-NA": 6.360317213309433e-05, "LEO-275-polar-NA": 0.1658534411824619, "LEO-400-polar-NA": 0.1557913564372659, "LEO-600-polar-NA": 0.09129894860466928, "LEO-800-polar-NA": 0.08408385308437218, "SSO-400-SSO-DD": 0.0013683634574895073, "SSO-400-SSO-AM": 0.1511771576907363, "SSO-400-SSO-noon": 0.1595139716754531, "SSO-400-SSO-PM": 0.16232506459241086, "SSO-600-SSO-DD": 0.0022942725962657967, "SSO-600-SSO-AM": 0.07449035856097061, "SSO-600-SSO-noon": 0.09552116323130873, "SSO-600-SSO-PM": 0.10007413472771892,