{"S1": {"cost": {"ACE_CPR": -0.10422013928988652, "ACE_ORCA": -0.07172341576734036, "ACE_POL": -0.00813058782185718, "ACE_LID": -0.12185353256396683, "CLAR_ERB": -0.037857606235371176, "DESD_SAR": -0.04400611771974674, "DESD_LID": 0.0086203441927619, "GACM_SWIR": 0.03842396785687141, "GACM_VIS": -0.10529859777975972, "HYSP_TIR": -0.06583205880259492, "CNES_KaRIN": -0.0005590816196731522, "POSTEPS_IRS": 0.010465038471442593}, "programmatic_risk": {"ACE_CPR": 0.08451048595416102, "ACE_ORCA": 0.0988255207526614, "ACE_POL": 0.13855996475304044, "ACE_LID": 0.10117106052278811, "CLAR_ERB": 0.12367485964661591, "DESD_SAR": 0.08939662498534193, "DESD_LID": 0.16413793362731008, "GACM_SWIR": 0.1836460666680642, "GACM_VIS": 0.13228395970879128, "HYSP_TIR": 0.15878494094050896, "CNES_KaRIN": 0.1031377893835846, "POSTEPS_IRS": 0.13821895407276164}, "fairness": {"ACE_CPR": -0.1303856851902156, "ACE_ORCA": -0.037042592735022986, "ACE_POL": 0.056245879476304314, "ACE_LID": -0.0028002092638239762, "CLAR_ERB": -0.06918587528283782, "DESD_SAR": -0.004093194382311758, "DESD_LID": -0.013285118365143992, "GACM_SWIR": -0.06309643189094657, "GACM_VIS": 0.03880361734077341, "HYSP_TIR": -0.08571803808881925, "CNES_KaRIN": -0.04939673405433661, "POSTEPS_IRS": -0.012772253877882847}, "data_continuity": {"ACE_CPR": -0.056003978940171395, "ACE_ORCA": 0.031657890887608585, "ACE_POL": -0.07685184763895428, "ACE_LID": 0.03287661527408954, "CLAR_ERB": -0.015694232125573943, "DESD_SAR": -0.03537147390134428, "DESD_LID": -0.07098271715132769, "GACM_SWIR": -0.08020208768889876, "GACM_VIS": -0.018399254532234486, "HYSP_TIR": -0.0923377985687336, "CNES_KaRIN": -0.029215995730888396, "POSTEPS_IRS": 0.07598948453443086}, "Oceanic": {"ACE_CPR": -0.16024850701825324, "ACE_ORCA": -0.11047384709572683, "ACE_POL": -0.02591061083173499, "ACE_LID": -0.028983259661410247, "CLAR_ERB": -0.14126420556507802, "DESD_SAR": 0.03556356761934859, "DESD_LID": -0.025934471563857982, "GACM_SWIR": -0.05568758226302465, "GACM_VIS": -0.04858087391379527, "HYSP_TIR": -0.022635349656429733, "CNES_KaRIN": -0.0678992015177632, "POSTEPS_IRS": 0.0009494174300348397}, "Atmosphere": {"ACE_CPR": -0.05208101640212507, "ACE_ORCA": -0.07746465923158305, "ACE_POL": 0.01916667804415768, "ACE_LID": -0.026417922941219456, "CLAR_ERB": 0.00866122148933641, "DESD_SAR": -0.03952571645551349, "DESD_LID": -0.05180213258958733, "GACM_SWIR": -0.0384889641588278, "GACM_VIS": -0.0013199323725955633, "HYSP_TIR": -0.044741188195743097, "CNES_KaRIN": -0.06325012022696042, "POSTEPS_IRS": 0.04569728036117085}, "Terrestrial": {"ACE_CPR": -0.05632423857325201, "ACE_ORCA": -0.04849141848482574, "ACE_POL": -0.07916720633225452, "ACE_LID": 0.030607399486326778, "CLAR_ERB": -0.05866522943724052, "DESD_SAR": 0.0022417914037100983, "DESD_LID": -0.04995381885304168, "GACM_SWIR": -0.15923334882009493, "GACM_VIS": -0.10844093438008323, "HYSP_TIR": -0.09703233501190775, "CNES_KaRIN": -0.11784066778372083, "POSTEPS_IRS": -0.030823253003979187}}, "ST": {"cost": {"ACE_CPR": 0.9508188853047864, "ACE_ORCA": 0.9188275838271821, "ACE_POL": 0.9478910667595365, "ACE_LID": 1.0474092512974036, "CLAR_ERB": 0.9946466212625448, "DESD_SAR": 0.9238877386744373, "DESD_LID": 0.8834078551717801, "GACM_SWIR": 0.9829229513518408, "GACM_VIS": 0.9690808615736913, "HYSP_TIR": 1.0549335629376735, "CNES_KaRIN": 0.9564662484448263, "POSTEPS_IRS": 0.9925845787616197}, "programmatic_risk": {"ACE_CPR": 1.0728145841791945, "ACE_ORCA": 0.9484401559670783, "ACE_POL": 0.9475798210769841, "ACE_LID": 0.986404608800783, "CLAR_ERB": 0.9291640553787098, "DESD_SAR": 1.0070352707324923, "DESD_LID": 0.9828573067349349, "GACM_SWIR": 1.0700577505968583, "GACM_VIS": 1.0362642810510356, "HYSP_TIR": 1.0290066232718285, "CNES_KaRIN": 1.0385447510205956, "POSTEPS_IRS": 0.9885831709401574}, "fairness": {"ACE_CPR": 0.8839032239103728, "ACE_ORCA": 1.11397508842576, "ACE_POL": 1.0456173440371892, "ACE_LID": 1.076100318502553, "CLAR_ERB": 1.1619665334938647, "DESD_SAR": 1.000347247107274, "DESD_LID": 1.0301513221341698, "GACM_SWIR": 1.138784373737417, "GACM_VIS": 1.1474186481574116, "HYSP_TIR": 1.0114724018923957, "CNES_KaRIN": 1.1198021391111226, "POSTEPS_IRS": 0.9985037880302295}, "data_continuity": {"ACE_CPR": 0.9312281134855522, "ACE_ORCA": 0.9995848874542307, "ACE_POL": 0.9228740926514782, "ACE_LID": 0.8613752576937493, "CLAR_ERB": 1.0071255657171923, "DESD_SAR": 0.9956055345549599, "DESD_LID": 1.0382713376537842, "GACM_SWIR": 0.9841618687545254, "GACM_VIS": 1.002968493720557, "HYSP_TIR": 0.9459522418047022, "CNES_KaRIN": 1.0492244997001, "POSTEPS_IRS": 0.9530433559942032}, "Oceanic": {"ACE_CPR": 0.9829341162376141, "ACE_ORCA": 1.0538366282297245, "ACE_POL": 1.0973462575062853, "ACE_LID": 1.0724312349402603, "CLAR_ERB": 1.0665655472338325, "DESD_SAR": 1.0672175804223176, "DESD_LID": 1.116411394205218, "GACM_SWIR": 1.07315282984449, "GACM_VIS": 0.9676587778582982, "HYSP_TIR": 1.0464442090764583, "CNES_KaRIN": 1.1779207422209776, "POSTEPS_IRS": 1.1198662305456648}, "Atmosphere": {"ACE_CPR": 1.0128471568672102, "ACE_ORCA": 1.0426177563714192, "ACE_POL": 1.1770904094904902, "ACE_LID": 1.2024245357884396, "CLAR_ERB": 1.0732562765987221, "DESD_SAR": 1.0552948167879803, "DESD_LID": 1.1675747591991044, "GACM_SWIR": 1.0914984183392882, "GACM_VIS": 1.1589013849141205, "HYSP_TIR": 1.1237136330281587, "CNES_KaRIN": 1.003035985480594, "POSTEPS_IRS": 1.1061726547762503}, "Terrestrial": {"ACE_CPR": 0.9232327849356415, "ACE_ORCA": 0.9717334813602828, "ACE_POL": 0.9783421447314451, "ACE_LID": 0.8667524172342962, "CLAR_ERB": 1.0059428008947942, "DESD_SAR": 0.9644907929883567, "DESD_LID": 0.9548979795802155, "GACM_SWIR": 1.0311851277850959, "GACM_VIS": 0.9853552412214036, "HYSP_TIR": 0.9032205857401435, "CNES_KaRIN": 0.9951841266154875, "POSTEPS_IRS": 0.955388303649328}}}