{"S1": {"cost": {"GEO-36000-equat-NA": 0.06353433223642901, "LEO-275-polar-NA": 0.0007205492833395074, "LEO-400-polar-NA": -0.008979375667711028, "LEO-600-polar-NA": -0.011933975507237349, "LEO-800-polar-NA": -0.01691996502789095, "SSO-400-SSO-DD": 0.026384682449389622, "SSO-400-SSO-AM": -0.0055620405327935375, "SSO-400-SSO-noon": -0.004317395821665831, "SSO-400-SSO-PM": 0.05550075905738808, "SSO-600-SSO-DD": -0.011826869454799, "SSO-600-SSO-AM": -0.007894240355499892, "SSO-600-SSO-noon": 0.004270495765660599, "SSO-600-SSO-PM": -0.012817403676719906, "SSO-800-SSO-DD": 0.002881252829795805, "SSO-800-SSO-AM": 0.022449483079471203, "SSO-800-SSO-noon": -0.013239680359065963, "SSO-800-SSO-PM": -0.010880512627779703, "LEO-275-equat-NA": -0.021933178062586992, "SSO-1000-SSO-AM": -0.02355134576369861, "LEO-600-equat-NA": -0.015674367190823647}, "programmatic_risk": {"GEO-36000-equat-NA": 0.054015636411984175, "LEO-275-polar-NA": 0.04445420887594777, "LEO-400-polar-NA": 0.05181882235625882, "LEO-600-polar-NA": 0.04799895613357556, "LEO-800-polar-NA": 0.054202178532674894, "SSO-400-SSO-DD": 0.05432271939276712, "SSO-400-SSO-AM": 0.042757461483072516, "SSO-400-SSO-noon": 0.05250841928535531, "SSO-400-SSO-PM": 0.05692348235008849, "SSO-600-SSO-DD": 0.04478066004593239, "SSO-600-SSO-AM": 0.046024086746876615, "SSO-600-SSO-noon": 0.04108526444716404, "SSO-600-SSO-PM": 0.04956062478276884, "SSO-800-SSO-DD": 0.03973887946384822, "SSO-800-SSO-AM": 0.04764148568198068, "SSO-800-SSO-noon": 0.055143226358324283, "SSO-800-SSO-PM": 0.043651894428217694, "LEO-275-equat-NA": 0.04083316515641668, "SSO-1000-SSO-AM": 0.042957979267747526, "LEO-600-equat-NA": 0.04377588951559668}, "fairness": {"GEO-36000-equat-NA": -0.000482231141138991, "LEO-275-polar-NA": 0.06163589758386113, "LEO-400-polar-NA": 0.06026862892282831, "LEO-600-polar-NA": 0.05690115781776493, "LEO-800-polar-NA": 0.04845597087449638, "SSO-400-SSO-DD": 4.136828433146109e-05, "SSO-400-SSO-AM": 0.041608492482876375, "SSO-400-SSO-noon": 0.047213444775405455, "SSO-400-SSO-PM": 0.05789157907632194, "SSO-600-SSO-DD": 0.00942117928789619, "SSO-600-SSO-AM": 0.03724805714703996, "SSO-600-SSO-noon": 0.0566531971603398, "SSO-600-SSO-PM": 0.04596947139983421, "SSO-800-SSO-DD": 0.011791933880074133, "SSO-800-SSO-AM": 0.0443654834917619, "SSO-800-SSO-noon": 0.05730670806224597, "SSO-800-SSO-PM": 0.04431747986813808, "LEO-275-equat-NA": 0.020026399357481284, "SSO-1000-SSO-AM": 0.07218850054882363, "LEO-600-equat-NA": 0.029871046684063766}, "data_continuity": {"GEO-36000-equat-NA": -0.00010179594729988105, "LEO-275-polar-NA": 0.13583600463823628, "LEO-400-polar-NA": 0.04708176680458785, "LEO-600-polar-NA": 0.03704312718329372, "LEO-800-polar-NA": 0.05414540210514196, "SSO-400-SSO-DD": 0.0517875220192334, "SSO-400-SSO-AM": 0.04520159625098949, "SSO-400-SSO-noon": 0.038529935136745797, "SSO-400-SSO-PM": 0.049973742164774966, "SSO-600-SSO-DD": 0.04156598631715737, "SSO-600-SSO-AM": 0.04108845829275263, "SSO-600-SSO-noon": 0.035843547238898564, "SSO-600-SSO-PM": 0.04267344986277456, "SSO-800-SSO-DD": 0.06268022175022558, "SSO-800-SSO-AM": 0.051764808836286924, "SSO-800-SSO-noon": 0.049417440355113536, "SSO-800-SSO-PM": 0.03992980709642367, "LEO-275-equat-NA": 0.140376862882907, "SSO-1000-SSO-AM": 0.024724840994122595, "LEO-600-equat-NA": 0.05556116881794351}, "Oceanic": {"GEO-36000-equat-NA": 4.159213628835412e-05, "LEO-275-polar-NA": 0.100436121909439, "LEO-400-polar-NA": 0.10414827345580849, "LEO-600-polar-NA": 0.06352097535953159, "LEO-800-polar-NA": 0.058891019007472435, "SSO-400-SSO-DD": 0.0, "SSO-400-SSO-AM": 0.10311037147941964, "SSO-400-SSO-noon": 0.11910925717254384, "SSO-400-SSO-PM": 0.09885547157897974, "SSO-600-SSO-DD": -0.0005604273971373129, "SSO-600-SSO-AM": 0.04074494457388905, "SSO-600-SSO-noon": 0.05816095644850749, "SSO-600-SSO-PM": 0.04480771874075667, "SSO-800-SSO-DD": 0.00036207290852687137, "SSO-800-SSO-AM": 0.0366423653241372, "SSO-800-SSO-noon": 0.05592624243631591, "SSO-800-SSO-PM": 0.033548073947330025, "LEO-275-equat-NA": -0.0001872364892663419, "SSO-1000-SSO-AM": 0.060422903057198024, "LEO-600-equat-NA": 0.00015693743407758516}, "Atmosphere": {"GEO-36000-equat-NA": 0.00024780111721776167, "LEO-275-polar-NA": 0.03289674836294418, "LEO-400-polar-NA": 0.042175525418775124, "LEO-600-polar-NA": 0.034740067216803956, "LEO-800-polar-NA": 0.04693855260029173, "SSO-400-SSO-DD": 0.0016621034421354795, "SSO-400-SSO-AM": 0.036201848182623585, "SSO-400-SSO-noon": 0.0623567350267438, "SSO-400-SSO-PM": 0.058012474197430795, "SSO-600-SSO-DD": 0.002011161531459566, "SSO-600-SSO-AM": 0.029042516077039938, "SSO-600-SSO-noon": 0.07200345115411659, "SSO-600-SSO-PM": 0.08903514951900258, "SSO-800-SSO-DD": -0.00017844694458275578, "SSO-800-SSO-AM": 0.05449413654515591, "SSO-800-SSO-noon": 0.13424483446473873, "SSO-800-SSO-PM": 0.15925900148203412, "LEO-275-equat-NA": 0.012283695709114155, "SSO-1000-SSO-AM": 0.1475458092602393, "LEO-600-equat-NA": 0.0052769014905764714}, "Terrestrial": {"GEO-36000-equat-NA": -0.00026629078396061363, "LEO-275-polar-NA": 0.06675376998053807, "LEO-400-polar-NA": 0.058634113459832424, "LEO-600-polar-NA": 0.07535600081493032, "LEO-800-polar-NA": 0.07555203526678339, "SSO-400-SSO-DD": 0.001133192412070141, "SSO-400-SSO-AM": 0.04561618964807878, "SSO-400-SSO-noon": 0.054489578204439365, "SSO-400-SSO-PM": 0.04180641380450107, "SSO-600-SSO-DD": 0.051068447535652796, "SSO-600-SSO-AM": 0.06248987263059929, "SSO-600-SSO-noon": 0.06610977213422353, "SSO-600-SSO-PM": 0.05388758737212022, "SSO-800-SSO-DD": 0.05378202601951316, "SSO-800-SSO-AM": 0.05831567935493309, "SSO-800-SSO-noon": 0.053889844988399355, "SSO-800-SSO-PM": 0.04085665776571729, "LEO-275-equat-NA": 0.05035414257607355, "SSO-1000-SSO-AM": 0.05816841472089848, "LEO-600-equat-NA": 0.05395972730778649}}, "ST": {"cost": {"GEO-36000-equat-NA": 0.5558577958141625, "LEO-275-polar-NA": 0.0639018199907443, "LEO-400-polar-NA": 0.07873974375180232, "LEO-600-polar-NA": 0.083346760560198, "LEO-800-polar-NA": 0.09106127981500202, "SSO-400-SSO-DD": 0.6100344663891741, "SSO-400-SSO-AM": 0.08017460475516218, "SSO-400-SSO-noon": 0.08117702047827996, "SSO-400-SSO-PM": 0.5580553930735643, "SSO-600-SSO-DD": 0.09277697414796036, "SSO-600-SSO-AM": 0.07776342641850861, "SSO-600-SSO-noon": 0.5858779644064304, "SSO-600-SSO-PM": 0.08512281487620806, "SSO-800-SSO-DD": 0.670591976528049, "SSO-800-SSO-AM": 0.5888990542821826, "SSO-800-SSO-noon": 0.5847476423089878, "SSO-800-SSO-PM": 0.06608945544661345, "LEO-275-equat-NA": 0.0817391976422428, "SSO-1000-SSO-AM": 0.593350634154506, "LEO-600-equat-NA": 0.06897630842312752}, "programmatic_risk": {"GEO-36000-equat-NA": 0.05061607294747015, "LEO-275-polar-NA": 0.05055341257409429, "LEO-400-polar-NA": 0.05022133863585511, "LEO-600-polar-NA": 0.05083474272802768, "LEO-800-polar-NA": 0.051444759366118545, "SSO-400-SSO-DD": 0.05369849589474161, "SSO-400-SSO-AM": 0.050205270556762126, "SSO-400-SSO-noon": 0.04996335045490405, "SSO-400-SSO-PM": 0.05149595747913878, "SSO-600-SSO-DD": 0.05118840817691341, "SSO-600-SSO-AM": 0.05069560640956804, "SSO-600-SSO-noon": 0.049831384458909896, "SSO-600-SSO-PM": 0.05088484644591298, "SSO-800-SSO-DD": 0.049652106045765136, "SSO-800-SSO-AM": 0.05069852354287646, "SSO-800-SSO-noon": 0.04983007096445329, "SSO-800-SSO-PM": 0.047090043844949234, "LEO-275-equat-NA": 0.05066015276767252, "SSO-1000-SSO-AM": 0.051231275978387086, "LEO-600-equat-NA": 0.05140483009529271}, "fairness": {"GEO-36000-equat-NA": 0.00016670073993096783, "LEO-275-polar-NA": 0.1000067294363791, "LEO-400-polar-NA": 0.11488758494351319, "LEO-600-polar-NA": 0.09410449401302061, "LEO-800-polar-NA": 0.09314651999293734, "SSO-400-SSO-DD": 0.0003251834627343748, "SSO-400-SSO-AM": 0.09764033916362262, "SSO-400-SSO-noon": 0.12349440023327966, "SSO-400-SSO-PM": 0.11152074488272823, "SSO-600-SSO-DD": 0.029648474114574407, "SSO-600-SSO-AM": 0.07283107668664342, "SSO-600-SSO-noon": 0.08902509626729196, "SSO-600-SSO-PM": 0.09683610079725914,