{"S1": {"cost": {"GEO-36000-equat-NA": 0.06291802071768174, "LEO-275-polar-NA": 0.0006679469425630171, "LEO-400-polar-NA": -0.002927958981545308, "LEO-600-polar-NA": 0.002404201114428684, "LEO-800-polar-NA": 0.008664728881061418, "SSO-400-SSO-DD": 0.02090895050621849, "SSO-400-SSO-AM": 0.0021034046838816285, "SSO-400-SSO-noon": 0.0020029824060489687, "SSO-400-SSO-PM": 0.03552739421110221, "SSO-600-SSO-DD": 0.008959852181561735, "SSO-600-SSO-AM": 0.006971088969857425, "SSO-600-SSO-noon": 0.022780932315484892, "SSO-600-SSO-PM": 0.0035616013517406537, "SSO-800-SSO-DD": 0.005567790339002799, "SSO-800-SSO-AM": 0.04621670222106572, "SSO-800-SSO-noon": 0.014520950276196187, "SSO-800-SSO-PM": 0.015760995883787647, "LEO-275-equat-NA": 0.002432047858637992, "SSO-1000-SSO-AM": 0.004651790667404716, "LEO-600-equat-NA": 0.004231418016875454}, "programmatic_risk": {"GEO-36000-equat-NA": 0.054015636411984175, "LEO-275-polar-NA": 0.04445420887594777, "LEO-400-polar-NA": 0.05181882235625882, "LEO-600-polar-NA": 0.04799895613357556, "LEO-800-polar-NA": 0.054202178532674894, "SSO-400-SSO-DD": 0.05432271939276712, "SSO-400-SSO-AM": 0.042757461483072516, "SSO-400-SSO-noon": 0.05250841928535531, "SSO-400-SSO-PM": 0.05692348235008849, "SSO-600-SSO-DD": 0.04478066004593239, "SSO-600-SSO-AM": 0.046024086746876615, "SSO-600-SSO-noon": 0.04108526444716404, "SSO-600-SSO-PM": 0.04956062478276884, "SSO-800-SSO-DD": 0.03973887946384822, "SSO-800-SSO-AM": 0.04764148568198068, "SSO-800-SSO-noon": 0.055143226358324283, "SSO-800-SSO-PM": 0.043651894428217694, "LEO-275-equat-NA": 0.04083316515641668, "SSO-1000-SSO-AM": 0.042957979267747526, "LEO-600-equat-NA": 0.04377588951559668}, "fairness": {"GEO-36000-equat-NA": 0.0005776439682226942, "LEO-275-polar-NA": 0.03830831757531678, "LEO-400-polar-NA": 0.03462540909844174, "LEO-600-polar-NA": 0.026135158367129, "LEO-800-polar-NA": 0.026943156545944442, "SSO-400-SSO-DD": 0.0021121500362005405, "SSO-400-SSO-AM": 0.030692246843499894, "SSO-400-SSO-noon": 0.03762035997470967, "SSO-400-SSO-PM": 0.06210273155134496, "SSO-600-SSO-DD": 0.001021149042374906, "SSO-600-SSO-AM": 0.00925594535042464, "SSO-600-SSO-noon": 0.00023880276058348677, "SSO-600-SSO-PM": 0.049891803852764316, "SSO-800-SSO-DD": 0.0007678053280297602, "SSO-800-SSO-AM": 0.019210134777349553, "SSO-800-SSO-noon": 0.05185729848310687, "SSO-800-SSO-PM": 0.06747577255042655, "LEO-275-equat-NA": 0.006527291459748194, "SSO-1000-SSO-AM": 0.04284384460413082, "LEO-600-equat-NA": 0.002379425524664763}, "data_continuity": {"GEO-36000-equat-NA": -0.00010179594729988105, "LEO-275-polar-NA": 0.13583600463823628, "LEO-400-polar-NA": 0.04708176680458785, "LEO-600-polar-NA": 0.03704312718329372, "LEO-800-polar-NA": 0.05414540210514196, "SSO-400-SSO-DD": 0.0517875220192334, "SSO-400-SSO-AM": 0.04520159625098949, "SSO-400-SSO-noon": 0.038529935136745797, "SSO-400-SSO-PM": 0.049973742164774966, "SSO-600-SSO-DD": 0.04156598631715737, "SSO-600-SSO-AM": 0.04108845829275263, "SSO-600-SSO-noon": 0.035843547238898564, "SSO-600-SSO-PM": 0.04267344986277456, "SSO-800-SSO-DD": 0.06268022175022558, "SSO-800-SSO-AM": 0.051764808836286924, "SSO-800-SSO-noon": 0.049417440355113536, "SSO-800-SSO-PM": 0.03992980709642367, "LEO-275-equat-NA": 0.140376862882907, "SSO-1000-SSO-AM": 0.024724840994122595, "LEO-600-equat-NA": 0.05556116881794351}, "Oceanic": {"GEO-36000-equat-NA": 5.264507809386165e-05, "LEO-275-polar-NA": 0.10056057554448959, "LEO-400-polar-NA": 0.10550828345390131, "LEO-600-polar-NA": 0.06536440827700493, "LEO-800-polar-NA": 0.06191857255431326, "SSO-400-SSO-DD": 0.0, "SSO-400-SSO-AM": 0.10321356523236416, "SSO-400-SSO-noon": 0.12299909226157996, "SSO-400-SSO-PM": 0.0996967167982554, "SSO-600-SSO-DD": -0.0015618442039026723, "SSO-600-SSO-AM": 0.039380304490846625, "SSO-600-SSO-noon": 0.05786882727668882, "SSO-600-SSO-PM": 0.042879410024657186, "SSO-800-SSO-DD": 0.001695900651379851, "SSO-800-SSO-AM": 0.03485488617754014, "SSO-800-SSO-noon": 0.055873974720239306, "SSO-800-SSO-PM": 0.03110009221226812, "LEO-275-equat-NA": -0.00029945023085042595, "SSO-1000-SSO-AM": 0.06108349141941033, "LEO-600-equat-NA": 0.00037496033058393813}, "Atmosphere": {"GEO-36000-equat-NA": 0.00032134743347046724, "LEO-275-polar-NA": 0.03408424832602182, "LEO-400-polar-NA": 0.04249190805993554, "LEO-600-polar-NA": 0.03480308222038824, "LEO-800-polar-NA": 0.04663142678161881, "SSO-400-SSO-DD": 0.0019475426049892152, "SSO-400-SSO-AM": 0.03770990236207069, "SSO-400-SSO-noon": 0.06615069382836572, "SSO-400-SSO-PM": 0.0631927449907674, "SSO-600-SSO-DD": 0.0024491164539366646, "SSO-600-SSO-AM": 0.02874886006238788, "SSO-600-SSO-noon": 0.06770950043679763, "SSO-600-SSO-PM": 0.08003668731806639, "SSO-800-SSO-DD": 0.0002662060603148514, "SSO-800-SSO-AM": 0.05785933876420052, "SSO-800-SSO-noon": 0.13035941864519912, "SSO-800-SSO-PM": 0.14960219927305388, "LEO-275-equat-NA": 0.014728964538609755, "SSO-1000-SSO-AM": 0.15769003848438318, "LEO-600-equat-NA": 0.007042003261856067}, "Terrestrial": {"GEO-36000-equat-NA": -9.865538740099708e-06, "LEO-275-polar-NA": 0.07470550413647349, "LEO-400-polar-NA": 0.0724520240221242, "LEO-600-polar-NA": 0.08142347264497626, "LEO-800-polar-NA": 0.0805937950731869, "SSO-400-SSO-DD": 0.01919164140794273, "SSO-400-SSO-AM": 0.04594660865273821, "SSO-400-SSO-noon": 0.0494869757504917, "SSO-400-SSO-PM": 0.04932414535229762, "SSO-600-SSO-DD": 0.02461276373388208, "SSO-600-SSO-AM": 0.04324507348915123, "SSO-600-SSO-noon": 0.05196676945908457, "SSO-600-SSO-PM": 0.04798173893869995, "SSO-800-SSO-DD": 0.03400162076587379, "SSO-800-SSO-AM": 0.06350470494470506, "SSO-800-SSO-noon": 0.05386353465772536, "SSO-800-SSO-PM": 0.040600990713808696, "LEO-275-equat-NA": 0.036043477476835666, "SSO-1000-SSO-AM": 0.05472116439673932, "LEO-600-equat-NA": 0.04433177591389846}}, "ST": {"cost": {"GEO-36000-equat-NA": 0.571128798605698, "LEO-275-polar-NA": 0.061913948420104364, "LEO-400-polar-NA": 0.07546276253100524, "LEO-600-polar-NA": 0.07637109160031882, "LEO-800-polar-NA": 0.08234113166167495, "SSO-400-SSO-DD": 0.5951912592164323, "SSO-400-SSO-AM": 0.08884441899052162, "SSO-400-SSO-noon": 0.10188926462174819, "SSO-400-SSO-PM": 0.5944477702656524, "SSO-600-SSO-DD": 0.09479764898081408, "SSO-600-SSO-AM": 0.10295100656765872, "SSO-600-SSO-noon": 0.5894372474491201, "SSO-600-SSO-PM": 0.10688140121547911, "SSO-800-SSO-DD": 0.6413201066617747, "SSO-800-SSO-AM": 0.5848662965979884, "SSO-800-SSO-noon": 0.6106554536002068, "SSO-800-SSO-PM": 0.09064174723590439, "LEO-275-equat-NA": 0.08855756896466431, "SSO-1000-SSO-AM": 0.5627978593682573, "LEO-600-equat-NA": 0.07993822076225336}, "programmatic_risk": {"GEO-36000-equat-NA": 0.05061607294747015, "LEO-275-polar-NA": 0.05055341257409429, "LEO-400-polar-NA": 0.05022133863585511, "LEO-600-polar-NA": 0.05083474272802768, "LEO-800-polar-NA": 0.051444759366118545, "SSO-400-SSO-DD": 0.05369849589474161, "SSO-400-SSO-AM": 0.050205270556762126, "SSO-400-SSO-noon": 0.04996335045490405, "SSO-400-SSO-PM": 0.05149595747913878, "SSO-600-SSO-DD": 0.05118840817691341, "SSO-600-SSO-AM": 0.05069560640956804, "SSO-600-SSO-noon": 0.049831384458909896, "SSO-600-SSO-PM": 0.05088484644591298, "SSO-800-SSO-DD": 0.049652106045765136, "SSO-800-SSO-AM": 0.05069852354287646, "SSO-800-SSO-noon": 0.04983007096445329, "SSO-800-SSO-PM": 0.047090043844949234, "LEO-275-equat-NA": 0.05066015276767252, "SSO-1000-SSO-AM": 0.051231275978387086, "LEO-600-equat-NA": 0.05140483009529271}, "fairness": {"GEO-36000-equat-NA": 6.360317213309433e-05, "LEO-275-polar-NA": 0.1658534411824619, "LEO-400-polar-NA": 0.1557913564372659, "LEO-600-polar-NA": 0.09129894860466928, "LEO-800-polar-NA": 0.08408385308437218, "SSO-400-SSO-DD": 0.0013683634574895073, "SSO-400-SSO-AM": 0.1511771576907363, "SSO-400-SSO-noon": 0.1595139716754531, "SSO-400-SSO-PM": 0.16232506459241086, "SSO-600-SSO-DD": 0.0022942725962657967, "SSO-600-SSO-AM": 0.07449035856097061, "SSO-600-SSO-noon": 0.09552116323130873, "SSO-600-SSO-PM": 0.10007413472771892,