{"S1": {"cost": {"GEO-36000-equat-NA": 0.038896384711267745, "LEO-275-polar-NA": 0.058004426325306564, "LEO-400-polar-NA": 0.04121192482781233, "LEO-600-polar-NA": 0.002458823751517939, "LEO-800-polar-NA": -0.025019962450909195, "SSO-400-SSO-DD": -0.018618668084102407, "SSO-400-SSO-AM": 0.0015089013771742118, "SSO-400-SSO-noon": 0.02280635297904927, "SSO-400-SSO-PM": 0.025179878287358227, "SSO-600-SSO-DD": 0.03923643195936207, "SSO-600-SSO-AM": 0.032883062967210254, "SSO-600-SSO-noon": 0.039037690054967045, "SSO-600-SSO-PM": 0.040586645850329, "SSO-800-SSO-DD": 0.015928355508173234, "SSO-800-SSO-AM": 0.06253010219686367, "SSO-800-SSO-noon": -0.006785157340615757, "SSO-800-SSO-PM": -0.02020179220284732, "LEO-275-equat-NA": 0.03832076642137499, "SSO-1000-SSO-AM": 0.08349695845211218, "LEO-600-equat-NA": 0.03324342924831763}, "programmatic_risk": {"GEO-36000-equat-NA": 0.03314925863667414, "LEO-275-polar-NA": 0.009706739029678555, "LEO-400-polar-NA": 0.028635437568230802, "LEO-600-polar-NA": 0.02241894666391077, "LEO-800-polar-NA": 0.0545747478017935, "SSO-400-SSO-DD": 0.01336806496964566, "SSO-400-SSO-AM": 0.0059016305420174645, "SSO-400-SSO-noon": 0.02097759805034834, "SSO-400-SSO-PM": -0.011033391985836265, "SSO-600-SSO-DD": 0.03556778853728362, "SSO-600-SSO-AM": 0.022583785213875326, "SSO-600-SSO-noon": 0.04525429813493707, "SSO-600-SSO-PM": 0.046256893584113425, "SSO-800-SSO-DD": 0.09688124350313518, "SSO-800-SSO-AM": 0.046867378853478775, "SSO-800-SSO-noon": 0.08413095850762625, "SSO-800-SSO-PM": 0.014671854741147275, "LEO-275-equat-NA": -0.009176558487581931, "SSO-1000-SSO-AM": 0.02511337611732618, "LEO-600-equat-NA": 0.1120645961234067}, "fairness": {"GEO-36000-equat-NA": 0.03024869263993051, "LEO-275-polar-NA": 0.05811255460552662, "LEO-400-polar-NA": -0.03379625425167045, "LEO-600-polar-NA": 0.03269552943038393, "LEO-800-polar-NA": 0.009982133803067016, "SSO-400-SSO-DD": 0.07445554776807994, "SSO-400-SSO-AM": -0.005101939829807781, "SSO-400-SSO-noon": -0.011281796922733484, "SSO-400-SSO-PM": 0.024676922859762904, "SSO-600-SSO-DD": 0.0167597166667811, "SSO-600-SSO-AM": -0.0006540391715232419, "SSO-600-SSO-noon": 0.06235311628331929, "SSO-600-SSO-PM": 0.07393134275260761, "SSO-800-SSO-DD": 0.016485739957803783, "SSO-800-SSO-AM": -0.0383486472883043, "SSO-800-SSO-noon": -0.0066297568411897365, "SSO-800-SSO-PM": -0.014771459965999736, "LEO-275-equat-NA": 0.07281475862570191, "SSO-1000-SSO-AM": 0.08043900568960728, "LEO-600-equat-NA": 0.12872592029816424}, "data_continuity": {"GEO-36000-equat-NA": 0.024271462614279735, "LEO-275-polar-NA": -0.018105569888968512, "LEO-400-polar-NA": 0.020739925567037035, "LEO-600-polar-NA": 0.033437668489249936, "LEO-800-polar-NA": -0.039932025084720046, "SSO-400-SSO-DD": 8.353460280510893e-05, "SSO-400-SSO-AM": 0.0024944781236991087, "SSO-400-SSO-noon": -0.023222181773174904, "SSO-400-SSO-PM": -0.02002799565535316, "SSO-600-SSO-DD": 0.009113618353907593, "SSO-600-SSO-AM": -0.04204952017074957, "SSO-600-SSO-noon": 0.03048399996418065, "SSO-600-SSO-PM": 0.04732229310410578, "SSO-800-SSO-DD": 0.011594151078844891, "SSO-800-SSO-AM": 0.0011293281878094017, "SSO-800-SSO-noon": -0.03269128439840814, "SSO-800-SSO-PM": -0.0006009552310482148, "LEO-275-equat-NA": -0.024438737857826, "SSO-1000-SSO-AM": 0.06716385859288894, "LEO-600-equat-NA": 0.04264820292385099}, "Oceanic": {"GEO-36000-equat-NA": 0.0193055015815153, "LEO-275-polar-NA": 0.022051034010862586, "LEO-400-polar-NA": 0.000144819912014312, "LEO-600-polar-NA": 0.009873853888599583, "LEO-800-polar-NA": -0.0008860137278251122, "SSO-400-SSO-DD": 0.0627851323142928, "SSO-400-SSO-AM": -0.016117724347295012, "SSO-400-SSO-noon": -0.0277211516915113, "SSO-400-SSO-PM": 0.0474573436513125, "SSO-600-SSO-DD": 0.01652732338878873, "SSO-600-SSO-AM": -0.01170469735608062, "SSO-600-SSO-noon": 0.07765570803601295, "SSO-600-SSO-PM": 0.03875917819206921, "SSO-800-SSO-DD": 0.033503253135464955, "SSO-800-SSO-AM": -0.03786090599664234, "SSO-800-SSO-noon": -0.04886132322589376, "SSO-800-SSO-PM": -0.0056453950322935135, "LEO-275-equat-NA": 0.05395386983549376, "SSO-1000-SSO-AM": 0.07261162365819529, "LEO-600-equat-NA": 0.0958299653248533}, "Atmosphere": {"GEO-36000-equat-NA": -0.008377280776232055, "LEO-275-polar-NA": -0.01967183123768684, "LEO-400-polar-NA": -0.06307083221243955, "LEO-600-polar-NA": 0.01459979812099407, "LEO-800-polar-NA": 0.004549613624955032, "SSO-400-SSO-DD": -0.05151386776443312, "SSO-400-SSO-AM": 0.006136171006881908, "SSO-400-SSO-noon": -0.10204457093993297, "SSO-400-SSO-PM": 0.010579587179812189, "SSO-600-SSO-DD": -0.029531159760270327, "SSO-600-SSO-AM": 0.00304337204531364, "SSO-600-SSO-noon": 0.024189978370607823, "SSO-600-SSO-PM": -0.03285772053283348, "SSO-800-SSO-DD": -0.08634473629652197, "SSO-800-SSO-AM": -0.04260045991827884, "SSO-800-SSO-noon": 0.02253788016144548, "SSO-800-SSO-PM": 0.0044719667425113675, "LEO-275-equat-NA": -0.061400569390924434, "SSO-1000-SSO-AM": -0.015832070592136992, "LEO-600-equat-NA": 0.08378175570159417}, "Terrestrial": {"GEO-36000-equat-NA": 0.0526289952392765, "LEO-275-polar-NA": 0.03277909695684366, "LEO-400-polar-NA": 0.03076444445559717, "LEO-600-polar-NA": 0.08003968043940239, "LEO-800-polar-NA": 0.024380611693116495, "SSO-400-SSO-DD": 0.01926286827021651, "SSO-400-SSO-AM": 0.019123660702698945, "SSO-400-SSO-noon": 0.02600360386101477, "SSO-400-SSO-PM": -0.004820191004104365, "SSO-600-SSO-DD": 0.039844887128273124, "SSO-600-SSO-AM": 0.029878197740600583, "SSO-600-SSO-noon": 0.05510139456786823, "SSO-600-SSO-PM": 0.07057640568741826, "SSO-800-SSO-DD": 0.043335715280429364, "SSO-800-SSO-AM": 0.021039846434063796, "SSO-800-SSO-noon": 0.044645472638217644, "SSO-800-SSO-PM": 0.056466401499423585, "LEO-275-equat-NA": 0.04223612316459486, "SSO-1000-SSO-AM": 0.11856556087897811, "LEO-600-equat-NA": 0.1014696355354979}}, "ST": {"cost": {"GEO-36000-equat-NA": 0.9328201258649017, "LEO-275-polar-NA": 0.9834188845358383, "LEO-400-polar-NA": 0.9930102118364668, "LEO-600-polar-NA": 1.0316565749470803, "LEO-800-polar-NA": 1.0452896085654824, "SSO-400-SSO-DD": 0.9321917907481324, "SSO-400-SSO-AM": 0.9723399010795366, "SSO-400-SSO-noon": 0.9492268986587129, "SSO-400-SSO-PM": 0.8896039382099068, "SSO-600-SSO-DD": 1.1512736543814688, "SSO-600-SSO-AM": 0.9262742456528837, "SSO-600-SSO-noon": 1.0023040999111443, "SSO-600-SSO-PM": 0.9709884966553392, "SSO-800-SSO-DD": 0.8777164558798554, "SSO-800-SSO-AM": 0.9910149781304687, "SSO-800-SSO-noon": 0.9858548389230583, "SSO-800-SSO-PM": 0.9401892785230195, "LEO-275-equat-NA": 0.9153597949430808, "SSO-1000-SSO-AM": 0.9272813296364272, "LEO-600-equat-NA": 0.8865255026030919}, "programmatic_risk": {"GEO-36000-equat-NA": 0.8497024318367576, "LEO-275-polar-NA": 0.8791032956176988, "LEO-400-polar-NA": 0.9488197023805925, "LEO-600-polar-NA": 0.9981920486466977, "LEO-800-polar-NA": 0.9784340556750223, "SSO-400-SSO-DD": 0.9337807235624591, "SSO-400-SSO-AM": 0.9065613636098321, "SSO-400-SSO-noon": 1.0083977082724709, "SSO-400-SSO-PM": 0.9432496476945289, "SSO-600-SSO-DD": 1.002784185135252, "SSO-600-SSO-AM": 0.9741328915158113, "SSO-600-SSO-noon": 1.0094994520875715, "SSO-600-SSO-PM": 0.9528938703260317, "SSO-800-SSO-DD": 1.046422439995254, "SSO-800-SSO-AM": 0.9345851042792863, "SSO-800-SSO-noon": 0.9797303295697596, "SSO-800-SSO-PM": 0.953526020651825, "LEO-275-equat-NA": 1.0136534457522655, "SSO-1000-SSO-AM": 1.0206628339018522, "LEO-600-equat-NA": 0.9947551855186182}, "fairness": {"GEO-36000-equat-NA": 0.8937434119495092, "LEO-275-polar-NA": 0.9611588922740354, "LEO-400-polar-NA": 1.0097769338873566, "LEO-600-polar-NA": 0.9801329433589926, "LEO-800-polar-NA": 0.9553501389604931, "SSO-400-SSO-DD": 0.8841311661769571, "SSO-400-SSO-AM": 0.9741597757052998, "SSO-400-SSO-noon": 0.959555551716495, "SSO-400-SSO-PM": 0.8797311796964414, "SSO-600-SSO-DD": 0.9257002837156586, "SSO-600-SSO-AM": 0.9331635379442585, "SSO-600-SSO-noon": 1.0168823071496462, "SSO-600-SSO-PM": 0.953460613990138,