{"S1": {"cost": {"ACE_CPR": 0.1364807059692986, "ACE_ORCA": 0.014578523997742418, "ACE_POL": 0.011024470972100565, "ACE_LID": 0.143781096596876, "CLAR_ERB": 0.009160004930751302, "DESD_SAR": 0.41025867313703007, "DESD_LID": 0.06311371196827212, "GACM_SWIR": 0.0011893712908910478, "GACM_VIS": -0.0016096038057644994, "HYSP_TIR": 0.00029527693376537017, "CNES_KaRIN": 0.1326123519219543, "POSTEPS_IRS": 0.003988654477888984}, "programmatic_risk": {"ACE_CPR": 0.00664277530257974, "ACE_ORCA": 0.03779147885710302, "ACE_POL": 0.004195187640773177, "ACE_LID": 0.1563730264319382, "CLAR_ERB": 0.031193889839616164, "DESD_SAR": 0.021653844797329885, "DESD_LID": 0.016293374100241675, "GACM_SWIR": 0.1692847011652822, "GACM_VIS": 0.0009969196692133232, "HYSP_TIR": 0.025969613644793485, "CNES_KaRIN": -0.0015503984531697816, "POSTEPS_IRS": 0.03117215868032993}, "fairness": {"ACE_CPR": -0.007454083744951218, "ACE_ORCA": 0.32913533375103765, "ACE_POL": -0.00043068100997505564, "ACE_LID": 0.0012968917055021223, "CLAR_ERB": 0.02844733702096028, "DESD_SAR": 0.00030956459028185906, "DESD_LID": 0.003158237613239542, "GACM_SWIR": 0.04933469029352828, "GACM_VIS": 0.012204224361983899, "HYSP_TIR": -0.003675280231741289, "CNES_KaRIN": 0.004163294500096182, "POSTEPS_IRS": -0.000680090200818316}, "data_continuity": {"ACE_CPR": 0.026432602869346917, "ACE_ORCA": -0.003220258519492276, "ACE_POL": 0.003528683435369963, "ACE_LID": 0.004479659680123925, "CLAR_ERB": 0.3109600062883106, "DESD_SAR": 0.0383068646149722, "DESD_LID": 0.16181456860747673, "GACM_SWIR": -0.0005987727406914377, "GACM_VIS": 0.0013825677411683117, "HYSP_TIR": 0.11681039430324221, "CNES_KaRIN": 0.042768189209346934, "POSTEPS_IRS": 0.016226649424111898}, "Oceanic": {"ACE_CPR": -8.607568794683783e-05, "ACE_ORCA": 0.3880826718927147, "ACE_POL": 0.0022038635767988863, "ACE_LID": 0.012880565634727293, "CLAR_ERB": 0.07124913370329979, "DESD_SAR": 0.009965234363402934, "DESD_LID": 0.0037313845621789908, "GACM_SWIR": 0.034620643540614754, "GACM_VIS": 0.011049469345268782, "HYSP_TIR": 0.0025953674279996174, "CNES_KaRIN": 0.0011256306508631885, "POSTEPS_IRS": 0.0033825556579807404}, "Atmosphere": {"ACE_CPR": 0.007512712895834392, "ACE_ORCA": -0.005877547258287783, "ACE_POL": 0.011230982815583717, "ACE_LID": 0.006168359425408588, "CLAR_ERB": 0.17652795981565508, "DESD_SAR": 0.0770128407674367, "DESD_LID": 0.0026356169899343484, "GACM_SWIR": 0.04842316901263679, "GACM_VIS": 0.2695867064618511, "HYSP_TIR": 0.09765141749824748, "CNES_KaRIN": 0.004589898928876815, "POSTEPS_IRS": 0.002991372843809388}, "Terrestrial": {"ACE_CPR": 0.014350364574102673, "ACE_ORCA": 0.005371126906701421, "ACE_POL": 0.019048133004738257, "ACE_LID": 0.010681766660913344, "CLAR_ERB": 0.3753853162792076, "DESD_SAR": 0.01694471003830192, "DESD_LID": 0.05068549294370314, "GACM_SWIR": 0.019620922511184802, "GACM_VIS": 0.0001473507586028833, "HYSP_TIR": 0.10210450369091353, "CNES_KaRIN": 0.13308653967828235, "POSTEPS_IRS": 0.003635321351363196}}, "ST": {"cost": {"ACE_CPR": 0.1905352995374012, "ACE_ORCA": 0.04806962802532668, "ACE_POL": 0.07586141659519799, "ACE_LID": 0.23921633021370595, "CLAR_ERB": 0.09431779004362652, "DESD_SAR": 0.5655940637238819, "DESD_LID": 0.1357870219897582, "GACM_SWIR": 0.08703195470397093, "GACM_VIS": 0.0669246489832816, "HYSP_TIR": 0.06183517195329842, "CNES_KaRIN": 0.1986333537538034, "POSTEPS_IRS": 0.10215836906632418}, "programmatic_risk": {"ACE_CPR": 0.025518141501957265, "ACE_ORCA": 0.04904966526802661, "ACE_POL": 0.023324053051859577, "ACE_LID": 0.6330471310012672, "CLAR_ERB": 0.04887508071273869, "DESD_SAR": 0.04802183257129816, "DESD_LID": 0.024432333133465295, "GACM_SWIR": 0.6490678613578679, "GACM_VIS": 0.022659569753761107, "HYSP_TIR": 0.045392633442686015, "CNES_KaRIN": 0.025584712746462526, "POSTEPS_IRS": 0.050947898550897444}, "fairness": {"ACE_CPR": 0.037144440542632724, "ACE_ORCA": 0.785421861896717, "ACE_POL": 0.024413946936176077, "ACE_LID": 0.029878069487240092, "CLAR_ERB": 0.3340042494911418, "DESD_SAR": 0.15265113451061982, "DESD_LID": 0.05711353898029418, "GACM_SWIR": 0.19008107731048632, "GACM_VIS": 0.08067588073437827, "HYSP_TIR": 0.14527176214033607, "CNES_KaRIN": 0.022703191590593162, "POSTEPS_IRS": 0.008914271622794191}, "data_continuity": {"ACE_CPR": 0.04455515481723014, "ACE_ORCA": 0.012382841321573667, "ACE_POL": 0.0563806964732149, "ACE_LID": 0.05079269313221153, "CLAR_ERB": 0.49138716410216093, "DESD_SAR": 0.1430346253369138, "DESD_LID": 0.25903953456436335, "GACM_SWIR": 0.08449064867703376, "GACM_VIS": 0.023050857996540407, "HYSP_TIR": 0.21481698773565003, "CNES_KaRIN": 0.06210445580326283, "POSTEPS_IRS": 0.01876313133770029}, "Oceanic": {"ACE_CPR": 0.034841605641138106, "ACE_ORCA": 0.7011086767801753, "ACE_POL": 0.011312050839476291, "ACE_LID": 0.017025021411387346, "CLAR_ERB": 0.32268433754186154, "DESD_SAR": 0.13837747482679846, "DESD_LID": 0.03654321910642113, "GACM_SWIR": 0.10014797287251032, "GACM_VIS": 0.03850386376956652, "HYSP_TIR": 0.12340213001207638, "CNES_KaRIN": 0.011036039698706025, "POSTEPS_IRS": 0.004359657397207199}, "Atmosphere": {"ACE_CPR": 0.04156754888976852, "ACE_ORCA": 0.020609963665711478, "ACE_POL": 0.023136507741629456, "ACE_LID": 0.01584720591947585, "CLAR_ERB": 0.3593657172372052, "DESD_SAR": 0.2154801380563674, "DESD_LID": 0.004151281179730677, "GACM_SWIR": 0.0888794018549958, "GACM_VIS": 0.411442517288242, "HYSP_TIR": 0.24169184177732259, "CNES_KaRIN": 0.012075878479183622, "POSTEPS_IRS": 0.008931017539786356}, "Terrestrial": {"ACE_CPR": 0.044267217286362, "ACE_ORCA": 0.015450965588004696, "ACE_POL": 0.03650200634857634, "ACE_LID": 0.013325351891498282, "CLAR_ERB": 0.5737862563036054, "DESD_SAR": 0.12137263762760535, "DESD_LID": 0.10096115367072474, "GACM_SWIR": 0.1270143688524898, "GACM_VIS": 5.848137589926332e-05, "HYSP_TIR": 0.1742116940906224, "CNES_KaRIN": 0.21110583464255964, "POSTEPS_IRS": 0.00552798085335709}}}