{"S1": {"cost": {"GEO-36000-equat-NA": 0.015453615194516162, "LEO-275-polar-NA": 0.041132292847229794, "LEO-400-polar-NA": -0.011732020419133475, "LEO-600-polar-NA": 0.012553647856526831, "LEO-800-polar-NA": -0.038416967605818995, "SSO-400-SSO-DD": -0.019540108801285882, "SSO-400-SSO-AM": -0.052367774521272725, "SSO-400-SSO-noon": -0.02044333163041913, "SSO-400-SSO-PM": -0.0046859702804212386, "SSO-600-SSO-DD": -0.016546866965253846, "SSO-600-SSO-AM": -0.05683786668208995, "SSO-600-SSO-noon": -0.06118075480965082, "SSO-600-SSO-PM": 0.030351981483075743, "SSO-800-SSO-DD": 0.03933690530352715, "SSO-800-SSO-AM": 0.12267046159601284, "SSO-800-SSO-noon": -0.017078467724765494, "SSO-800-SSO-PM": 0.09297027102476978, "LEO-275-equat-NA": -0.033641669774748036, "SSO-1000-SSO-AM": 0.12227351348674012, "LEO-600-equat-NA": 0.14672154587391426}, "programmatic_risk": {"GEO-36000-equat-NA": 0.10609104671972835, "LEO-275-polar-NA": 0.07251203810825238, "LEO-400-polar-NA": 0.05531158421209283, "LEO-600-polar-NA": 0.09049161137432109, "LEO-800-polar-NA": 0.08429068651385, "SSO-400-SSO-DD": 0.062480073869182036, "SSO-400-SSO-AM": 0.025472001741280885, "SSO-400-SSO-noon": 0.03350634030185926, "SSO-400-SSO-PM": 0.05493197783710668, "SSO-600-SSO-DD": 0.006647887051188334, "SSO-600-SSO-AM": 0.0325091088564124, "SSO-600-SSO-noon": 0.030861795945953435, "SSO-600-SSO-PM": 0.021665983412620056, "SSO-800-SSO-DD": 0.04095930574345458, "SSO-800-SSO-AM": 0.09138462418152805, "SSO-800-SSO-noon": 0.03236813768197632, "SSO-800-SSO-PM": 0.11038063927619439, "LEO-275-equat-NA": 0.004190562305801302, "SSO-1000-SSO-AM": 0.0938975942230639, "LEO-600-equat-NA": 0.31881112755499075}, "fairness": {"GEO-36000-equat-NA": -0.034151676955686286, "LEO-275-polar-NA": -0.0754830133046896, "LEO-400-polar-NA": -0.007738205042889692, "LEO-600-polar-NA": -0.040716822386446964, "LEO-800-polar-NA": 0.025586954411556628, "SSO-400-SSO-DD": -0.021282208958113683, "SSO-400-SSO-AM": -0.06006851824020269, "SSO-400-SSO-noon": -0.0625104627418118, "SSO-400-SSO-PM": -0.036275447593601746, "SSO-600-SSO-DD": 0.037378763283353635, "SSO-600-SSO-AM": -0.04331931367558114, "SSO-600-SSO-noon": -0.050349667497661905, "SSO-600-SSO-PM": 0.006339872345702784, "SSO-800-SSO-DD": -0.027961153779073007, "SSO-800-SSO-AM": -0.05760558165233824, "SSO-800-SSO-noon": -0.017385713758900623, "SSO-800-SSO-PM": -0.1074741445278217, "LEO-275-equat-NA": -0.054507112292515425, "SSO-1000-SSO-AM": 0.03889288874354742, "LEO-600-equat-NA": 0.3447072650684514}, "data_continuity": {"GEO-36000-equat-NA": -0.019708678219635026, "LEO-275-polar-NA": 0.004711852288979405, "LEO-400-polar-NA": -0.04466707172745677, "LEO-600-polar-NA": -0.059371545693497986, "LEO-800-polar-NA": -0.11048959292525047, "SSO-400-SSO-DD": -0.09740571990646191, "SSO-400-SSO-AM": -0.07069602569917988, "SSO-400-SSO-noon": -0.11454969637098442, "SSO-400-SSO-PM": -0.014992771869988113, "SSO-600-SSO-DD": -0.02150588831106579, "SSO-600-SSO-AM": -0.059525595668405096, "SSO-600-SSO-noon": -0.02341964022082759, "SSO-600-SSO-PM": 0.06885581994531584, "SSO-800-SSO-DD": -0.07690784806720971, "SSO-800-SSO-AM": -0.02321584362297256, "SSO-800-SSO-noon": -0.03016701845093298, "SSO-800-SSO-PM": -0.018530067680853815, "LEO-275-equat-NA": 0.00840703397227521, "SSO-1000-SSO-AM": 0.04698809694984431, "LEO-600-equat-NA": 0.23376529366479212}, "Oceanic": {"GEO-36000-equat-NA": -0.00020777350361512954, "LEO-275-polar-NA": -0.020898081188939516, "LEO-400-polar-NA": -0.017890458910389487, "LEO-600-polar-NA": -0.09177799993980591, "LEO-800-polar-NA": -0.04500203796813649, "SSO-400-SSO-DD": -0.10447575819851386, "SSO-400-SSO-AM": -0.09943016003276525, "SSO-400-SSO-noon": -0.07368146564194128, "SSO-400-SSO-PM": -0.10154493606960183, "SSO-600-SSO-DD": -0.08322501734716911, "SSO-600-SSO-AM": -0.0895888796571379, "SSO-600-SSO-noon": -0.09922492957591031, "SSO-600-SSO-PM": 0.047425173273359926, "SSO-800-SSO-DD": -0.05189771794128295, "SSO-800-SSO-AM": -0.08887009824645621, "SSO-800-SSO-noon": -0.08946356982642972, "SSO-800-SSO-PM": -0.08373348807023018, "LEO-275-equat-NA": -0.08566674336944151, "SSO-1000-SSO-AM": -0.015835420127469343, "LEO-600-equat-NA": 0.24188543233642676}, "Atmosphere": {"GEO-36000-equat-NA": -0.04290487865836563, "LEO-275-polar-NA": -0.06799114999869081, "LEO-400-polar-NA": -0.1362541355904838, "LEO-600-polar-NA": -0.04855150615853156, "LEO-800-polar-NA": -0.061776753254809046, "SSO-400-SSO-DD": -0.08295037660243373, "SSO-400-SSO-AM": -0.05860880641728431, "SSO-400-SSO-noon": -0.05100631373343635, "SSO-400-SSO-PM": -0.06329110664602358, "SSO-600-SSO-DD": -0.0012201369085069768, "SSO-600-SSO-AM": -0.027996789088162922, "SSO-600-SSO-noon": -0.08487670557915272, "SSO-600-SSO-PM": -0.03368313040401437, "SSO-800-SSO-DD": -0.006882695895170186, "SSO-800-SSO-AM": -0.07588626097336103, "SSO-800-SSO-noon": -0.11920977459148988, "SSO-800-SSO-PM": -0.14118126407436263, "LEO-275-equat-NA": -0.046809576377759926, "SSO-1000-SSO-AM": 0.05131635511196373, "LEO-600-equat-NA": 0.18013631578436004}, "Terrestrial": {"GEO-36000-equat-NA": 0.011875772371051377, "LEO-275-polar-NA": -0.036044035540055114, "LEO-400-polar-NA": -0.10335177101098594, "LEO-600-polar-NA": -0.09366531636616875, "LEO-800-polar-NA": -0.08513435359811465, "SSO-400-SSO-DD": -0.046559207017173546, "SSO-400-SSO-AM": -0.015322558469291701, "SSO-400-SSO-noon": -0.03947982285826952, "SSO-400-SSO-PM": -0.1135732817964758, "SSO-600-SSO-DD": -0.03597587876497287, "SSO-600-SSO-AM": -0.04427631009022728, "SSO-600-SSO-noon": -0.0785928535502031, "SSO-600-SSO-PM": -0.005431547898660436, "SSO-800-SSO-DD": -0.08319330380052907, "SSO-800-SSO-AM": -0.08695088889919726, "SSO-800-SSO-noon": -0.05343536817651718, "SSO-800-SSO-PM": -0.06805845389251562, "LEO-275-equat-NA": -0.10985280611383236, "SSO-1000-SSO-AM": 0.002676341548288819, "LEO-600-equat-NA": 0.171555053071673}}, "ST": {"cost": {"GEO-36000-equat-NA": 0.7371916758684255, "LEO-275-polar-NA": 0.7504417244335966, "LEO-400-polar-NA": 0.8325444117216808, "LEO-600-polar-NA": 0.8371658403948838, "LEO-800-polar-NA": 0.9372067120226276, "SSO-400-SSO-DD": 0.9532587823357989, "SSO-400-SSO-AM": 0.8310215528993348, "SSO-400-SSO-noon": 0.9068635303020088, "SSO-400-SSO-PM": 0.8960615293310611, "SSO-600-SSO-DD": 0.9093643800998595, "SSO-600-SSO-AM": 0.9713940025924409, "SSO-600-SSO-noon": 0.9894252778853938, "SSO-600-SSO-PM": 0.9136450867046088, "SSO-800-SSO-DD": 0.8369586362307346, "SSO-800-SSO-AM": 0.8617871155420797, "SSO-800-SSO-noon": 0.9069465981291724, "SSO-800-SSO-PM": 1.1057342639285817, "LEO-275-equat-NA": 0.871461280101141, "SSO-1000-SSO-AM": 0.9882601257794521, "LEO-600-equat-NA": 0.9121424511966668}, "programmatic_risk": {"GEO-36000-equat-NA": 0.6510905780476748, "LEO-275-polar-NA": 0.764831325097986, "LEO-400-polar-NA": 0.9685374865558102, "LEO-600-polar-NA": 1.0497892200929988, "LEO-800-polar-NA": 1.016015751447079, "SSO-400-SSO-DD": 0.9836621473531572, "SSO-400-SSO-AM": 0.9993901516415804, "SSO-400-SSO-noon": 0.855910116602728, "SSO-400-SSO-PM": 0.9735517401848904, "SSO-600-SSO-DD": 0.9614275461560978, "SSO-600-SSO-AM": 1.0386807470030466, "SSO-600-SSO-noon": 0.984950958437503, "SSO-600-SSO-PM": 0.9295027483132376, "SSO-800-SSO-DD": 0.897457851852012, "SSO-800-SSO-AM": 0.9926930723745229, "SSO-800-SSO-noon": 1.0064972393770362, "SSO-800-SSO-PM": 1.0262177212070154, "LEO-275-equat-NA": 0.8840678096593687, "SSO-1000-SSO-AM": 0.8360338384842558, "LEO-600-equat-NA": 0.9902486773269595}, "fairness": {"GEO-36000-equat-NA": 0.6856203576320018, "LEO-275-polar-NA": 0.8758877266677964, "LEO-400-polar-NA": 0.9403438131927767, "LEO-600-polar-NA": 0.9918005527674592, "LEO-800-polar-NA": 0.8824221996717984, "SSO-400-SSO-DD": 0.9305821349754272, "SSO-400-SSO-AM": 0.8910708065828606, "SSO-400-SSO-noon": 0.9649842397573065, "SSO-400-SSO-PM": 1.0272565657274142, "SSO-600-SSO-DD": 1.038314806783854, "SSO-600-SSO-AM": 0.919143079865308, "SSO-600-SSO-noon": 0.9136734769365864, "SSO-600-SSO-PM": 0.998214598918108,