{"S1": {"cost": {"GEO-36000-equat-NA": 0.07577387584997972, "LEO-275-polar-NA": 0.0037131302545333118, "LEO-400-polar-NA": 0.010448743344778902, "LEO-600-polar-NA": 0.0057660849246370955, "LEO-800-polar-NA": 0.010672604210182686, "SSO-400-SSO-DD": 0.05165239545825268, "SSO-400-SSO-AM": -0.005004948522109359, "SSO-400-SSO-noon": -0.000302927287943118, "SSO-400-SSO-PM": 0.06684338414961924, "SSO-600-SSO-DD": 0.02172485935500106, "SSO-600-SSO-AM": 0.016593689631091528, "SSO-600-SSO-noon": 0.021124605161457727, "SSO-600-SSO-PM": 0.0013158327332811652, "SSO-800-SSO-DD": 0.0045187873031559776, "SSO-800-SSO-AM": 0.05427846664602086, "SSO-800-SSO-noon": 0.018141263015677273, "SSO-800-SSO-PM": 0.02339697132143446, "LEO-275-equat-NA": 0.0004992188197476751, "SSO-1000-SSO-AM": -0.01124022831385313, "LEO-600-equat-NA": -0.00021497474764103035}, "programmatic_risk": {"GEO-36000-equat-NA": 0.054015636411984175, "LEO-275-polar-NA": 0.04445420887594777, "LEO-400-polar-NA": 0.05181882235625882, "LEO-600-polar-NA": 0.04799895613357556, "LEO-800-polar-NA": 0.054202178532674894, "SSO-400-SSO-DD": 0.05432271939276712, "SSO-400-SSO-AM": 0.042757461483072516, "SSO-400-SSO-noon": 0.05250841928535531, "SSO-400-SSO-PM": 0.05692348235008849, "SSO-600-SSO-DD": 0.04478066004593239, "SSO-600-SSO-AM": 0.046024086746876615, "SSO-600-SSO-noon": 0.04108526444716404, "SSO-600-SSO-PM": 0.04956062478276884, "SSO-800-SSO-DD": 0.03973887946384822, "SSO-800-SSO-AM": 0.04764148568198068, "SSO-800-SSO-noon": 0.055143226358324283, "SSO-800-SSO-PM": 0.043651894428217694, "LEO-275-equat-NA": 0.04083316515641668, "SSO-1000-SSO-AM": 0.042957979267747526, "LEO-600-equat-NA": 0.04377588951559668}, "fairness": {"GEO-36000-equat-NA": 0.0005776439682226942, "LEO-275-polar-NA": 0.03830831757531678, "LEO-400-polar-NA": 0.03462540909844174, "LEO-600-polar-NA": 0.026135158367129, "LEO-800-polar-NA": 0.026943156545944442, "SSO-400-SSO-DD": 0.0021121500362005405, "SSO-400-SSO-AM": 0.030692246843499894, "SSO-400-SSO-noon": 0.03762035997470967, "SSO-400-SSO-PM": 0.06210273155134496, "SSO-600-SSO-DD": 0.001021149042374906, "SSO-600-SSO-AM": 0.00925594535042464, "SSO-600-SSO-noon": 0.00023880276058348677, "SSO-600-SSO-PM": 0.049891803852764316, "SSO-800-SSO-DD": 0.0007678053280297602, "SSO-800-SSO-AM": 0.019210134777349553, "SSO-800-SSO-noon": 0.05185729848310687, "SSO-800-SSO-PM": 0.06747577255042655, "LEO-275-equat-NA": 0.006527291459748194, "SSO-1000-SSO-AM": 0.04284384460413082, "LEO-600-equat-NA": 0.002379425524664763}, "data_continuity": {"GEO-36000-equat-NA": 0.00136237823503144, "LEO-275-polar-NA": 0.07624192231231257, "LEO-400-polar-NA": 0.04754061695482797, "LEO-600-polar-NA": 0.051486503859746534, "LEO-800-polar-NA": 0.04499410432316994, "SSO-400-SSO-DD": 0.06652226458742644, "SSO-400-SSO-AM": 0.054516701858761965, "SSO-400-SSO-noon": 0.048833881087696186, "SSO-400-SSO-PM": 0.06960845315301167, "SSO-600-SSO-DD": 0.0655179386847356, "SSO-600-SSO-AM": 0.05053940569891473, "SSO-600-SSO-noon": 0.049265342294808924, "SSO-600-SSO-PM": 0.053259678480917276, "SSO-800-SSO-DD": 0.07078496718822037, "SSO-800-SSO-AM": 0.0403876613440705, "SSO-800-SSO-noon": 0.04065487709712122, "SSO-800-SSO-PM": 0.03257559181654753, "LEO-275-equat-NA": 0.07699493820122649, "SSO-1000-SSO-AM": 0.028721251427524724, "LEO-600-equat-NA": 0.057985532105401784}, "Oceanic": {"GEO-36000-equat-NA": 5.264507809386165e-05, "LEO-275-polar-NA": 0.10056057554448959, "LEO-400-polar-NA": 0.10550828345390131, "LEO-600-polar-NA": 0.06536440827700493, "LEO-800-polar-NA": 0.06191857255431326, "SSO-400-SSO-DD": 0.0, "SSO-400-SSO-AM": 0.10321356523236416, "SSO-400-SSO-noon": 0.12299909226157996, "SSO-400-SSO-PM": 0.0996967167982554, "SSO-600-SSO-DD": -0.0015618442039026723, "SSO-600-SSO-AM": 0.039380304490846625, "SSO-600-SSO-noon": 0.05786882727668882, "SSO-600-SSO-PM": 0.042879410024657186, "SSO-800-SSO-DD": 0.001695900651379851, "SSO-800-SSO-AM": 0.03485488617754014, "SSO-800-SSO-noon": 0.055873974720239306, "SSO-800-SSO-PM": 0.03110009221226812, "LEO-275-equat-NA": -0.00029945023085042595, "SSO-1000-SSO-AM": 0.06108349141941033, "LEO-600-equat-NA": 0.00037496033058393813}, "Atmosphere": {"GEO-36000-equat-NA": 0.00032134743347046724, "LEO-275-polar-NA": 0.03408424832602182, "LEO-400-polar-NA": 0.04249190805993554, "LEO-600-polar-NA": 0.03480308222038824, "LEO-800-polar-NA": 0.04663142678161881, "SSO-400-SSO-DD": 0.0019475426049892152, "SSO-400-SSO-AM": 0.03770990236207069, "SSO-400-SSO-noon": 0.06615069382836572, "SSO-400-SSO-PM": 0.0631927449907674, "SSO-600-SSO-DD": 0.0024491164539366646, "SSO-600-SSO-AM": 0.02874886006238788, "SSO-600-SSO-noon": 0.06770950043679763, "SSO-600-SSO-PM": 0.08003668731806639, "SSO-800-SSO-DD": 0.0002662060603148514, "SSO-800-SSO-AM": 0.05785933876420052, "SSO-800-SSO-noon": 0.13035941864519912, "SSO-800-SSO-PM": 0.14960219927305388, "LEO-275-equat-NA": 0.014728964538609755, "SSO-1000-SSO-AM": 0.15769003848438318, "LEO-600-equat-NA": 0.007042003261856067}, "Terrestrial": {"GEO-36000-equat-NA": -9.865538740099708e-06, "LEO-275-polar-NA": 0.07470550413647349, "LEO-400-polar-NA": 0.0724520240221242, "LEO-600-polar-NA": 0.08142347264497626, "LEO-800-polar-NA": 0.0805937950731869, "SSO-400-SSO-DD": 0.01919164140794273, "SSO-400-SSO-AM": 0.04594660865273821, "SSO-400-SSO-noon": 0.0494869757504917, "SSO-400-SSO-PM": 0.04932414535229762, "SSO-600-SSO-DD": 0.02461276373388208, "SSO-600-SSO-AM": 0.04324507348915123, "SSO-600-SSO-noon": 0.05196676945908457, "SSO-600-SSO-PM": 0.04798173893869995, "SSO-800-SSO-DD": 0.03400162076587379, "SSO-800-SSO-AM": 0.06350470494470506, "SSO-800-SSO-noon": 0.05386353465772536, "SSO-800-SSO-PM": 0.040600990713808696, "LEO-275-equat-NA": 0.036043477476835666, "SSO-1000-SSO-AM": 0.05472116439673932, "LEO-600-equat-NA": 0.04433177591389846}}, "ST": {"cost": {"GEO-36000-equat-NA": 0.5519073444599579, "LEO-275-polar-NA": 0.06472638150434194, "LEO-400-polar-NA": 0.07365642613427367, "LEO-600-polar-NA": 0.0821258701834836, "LEO-800-polar-NA": 0.07477596701605391, "SSO-400-SSO-DD": 0.6173840897791742, "SSO-400-SSO-AM": 0.07252614651865194, "SSO-400-SSO-noon": 0.0747712010803021, "SSO-400-SSO-PM": 0.5626317360191718, "SSO-600-SSO-DD": 0.078534815346352, "SSO-600-SSO-AM": 0.06970294054898506, "SSO-600-SSO-noon": 0.5574839244842736, "SSO-600-SSO-PM": 0.07182741017400938, "SSO-800-SSO-DD": 0.6255807608280524, "SSO-800-SSO-AM": 0.5915153335625978, "SSO-800-SSO-noon": 0.5624774778962527, "SSO-800-SSO-PM": 0.06985021502190764, "LEO-275-equat-NA": 0.07079049296650422, "SSO-1000-SSO-AM": 0.544806382037759, "LEO-600-equat-NA": 0.07836942985962235}, "programmatic_risk": {"GEO-36000-equat-NA": 0.05061607294747015, "LEO-275-polar-NA": 0.05055341257409429, "LEO-400-polar-NA": 0.05022133863585511, "LEO-600-polar-NA": 0.05083474272802768, "LEO-800-polar-NA": 0.051444759366118545, "SSO-400-SSO-DD": 0.05369849589474161, "SSO-400-SSO-AM": 0.050205270556762126, "SSO-400-SSO-noon": 0.04996335045490405, "SSO-400-SSO-PM": 0.05149595747913878, "SSO-600-SSO-DD": 0.05118840817691341, "SSO-600-SSO-AM": 0.05069560640956804, "SSO-600-SSO-noon": 0.049831384458909896, "SSO-600-SSO-PM": 0.05088484644591298, "SSO-800-SSO-DD": 0.049652106045765136, "SSO-800-SSO-AM": 0.05069852354287646, "SSO-800-SSO-noon": 0.04983007096445329, "SSO-800-SSO-PM": 0.047090043844949234, "LEO-275-equat-NA": 0.05066015276767252, "SSO-1000-SSO-AM": 0.051231275978387086, "LEO-600-equat-NA": 0.05140483009529271}, "fairness": {"GEO-36000-equat-NA": 6.360317213309433e-05, "LEO-275-polar-NA": 0.1658534411824619, "LEO-400-polar-NA": 0.1557913564372659, "LEO-600-polar-NA": 0.09129894860466928, "LEO-800-polar-NA": 0.08408385308437218, "SSO-400-SSO-DD": 0.0013683634574895073, "SSO-400-SSO-AM": 0.1511771576907363, "SSO-400-SSO-noon": 0.1595139716754531, "SSO-400-SSO-PM": 0.16232506459241086, "SSO-600-SSO-DD": 0.0022942725962657967, "SSO-600-SSO-AM": 0.07449035856097061, "SSO-600-SSO-noon": 0.09552116323130873, "SSO-600-SSO-PM": 0.10007413472771892,